,id,comment
0,  ì—¼í† ,Xsì“°ë‹¤ê°€ 13proë¡œ ê°ˆì•„íƒ€ëŠ”ë° ì‚¬ì§„ì„ ë§Žì´ ì°ëŠ” íŽ¸ì´ë¼ pro ì˜ˆì•½í–ˆëŠ”ë° ì—­ì‹œ ìž˜í•œ ê²ƒ ê°™ì•„ìš”ã…‹ã…‹ ìž‡ì„­ë‹˜ ì˜ìƒì€ ë‹¤ë¥¸ ìœ íŠœë²„ë“¤ì— ë¹„í•´ ë¹ ë¥¸ ì—…ë¡œë”©ì€ ì•„ë‹ˆì§€ë§Œ í™•ì‹ ì„ ì¤€ë‹¤ê³  í•´ì•¼í•˜ë‚˜ã…Žã…Ž ì•„ë¬´íŠ¼ ìž˜ ë³´ê³  ì´ì”€ë‹¤!!
1,  ê½ƒê²Œíƒ•,ì˜ìƒë³´ê³  xrì—ì„œ 13ìœ¼ë¡œ ê°ˆì•„íƒ”ìŠµë‹ˆë‹¤ ã…œ4ì¼ì°¨ í›„ê¸°ë¼ì¹˜ë©´.. ê·¸ëž˜ë„ ìš”ë²ˆì—” ê¸°ë³¸ ìš©ëŸ‰ì´ 128GBë¶€í„°ì—¬ì„œ ë‚˜ë¦„ ë§Œì¡±í•˜ë©´ì„œ ì‚¬ìš©í•˜ê³  ìžˆê³  ë””ìžì¸ì´ ì´ë»ì„œ ë§ˆìŒì— ë“­ë‹ˆë‹¤â€¦ ì§„ì§œ ê·¸ëƒ¥ ì¼ë°˜ ìœ ì €ì‹œë©´ 13ë„ ì¶©ë¶„í• ë“¯!
2,  ìž‘ì‚´Jaksal,ìž‡ì„­ë‹˜ì€ ì§„ì§œ ì–´ë ¤ìš´ë§ë„ ì‰½ê²Œ ì„¤ëª…í•´ì£¼ê³  ê°€ë ¤ìš´ë¶€ë¶„ ìž˜ ê¸ì–´ì¤˜ì„œ ë„ˆë¬´ ë³´ê¸° íŽ¸í•©ë‹ˆë‹¤
3,  ì†Œë¡,ê°¤ëŸ­ì‹œì™€ ì•„ì´í°ì˜120Hz ì°¨ì´ê°€ ê¶ê¸ˆí–ˆëŠ”ë° ì–´ë””ì—ë„ ì–¸ê¸‰ì´ ì—†ì–´ì„œ ì•„ì‰¬ì›Œí–ˆëŠ”ë° ì—­ì‹œ ë¯¿ê³ ë³´ëŠ” ìž‡ì„­ë‹˜ ì˜ìƒ!
4,  ê·¤íƒ±ì´,ìŠ¹ìŠ¹ìž¥êµ¬ í•˜ëŠ” ìž‡ì„­ë‹˜ ê¹”ë”í•œ ë¹„êµ ì ì ˆí•œ ì¶”ì²œ ê°ì‚¬í•©ë‹ˆë‹¤ . ì˜ˆë¯¼í•˜ì§€ ì•Šì•„ì„œ ì¼ë°˜ì¨ë„ ë˜ì§€ë§Œ ì•„ì´ë“¤ ì¡°ê¸ˆì´ë‚˜ë§ˆ ì¢‹ì€ ì‚¬ì§„ìœ¼ë¡œ ì¶”ì–µë‹´ì•„ì£¼ê³ ì‹¶ì–´ì„œ í”„ë¡œë¡œ ìƒ€ì–´ìš”~ë…ë¦½í•˜ì‹œë©´ì„œ lg oled êµ¬ë§¤í•˜ì…¨ì„ë•Œë¶€í„° ì­ˆìš± ì˜ìƒ ë´ì™”ë‹µë‹ˆë‹¤.!! ìœ íŠœë¸Œ ì—´ì‹¬ížˆ í•˜ëŠ” ì²­ë…„ì—ì„œ ì´ì œëŠ” ìŠ¤íƒ€ ëŠë‚Œì´ ëŠê»´ì§€ë„¤ìš”~~ í™”ì´íŒ…
5,  ì„¸ë Œë“œë¦¼,XSì—ì„œ 13 í”„ë¡œë§¥ìŠ¤ë¡œ ë„˜ì–´ê°”ëŠ”ë°  ì§„ì§œ 5:45 ë¶€ë¶„ ê°™ì€ ì‹¬ì •ì´ì—ˆë‹¤ê°€  XSì—ì„œ ì¹´ë©”ë¼ ë¹„êµí•´ë³´ë ¤ê³  ë‹¤ì‹œ ë§Œì ¸ë´¤ë”ë‹ˆ ì—­ì²´ê°ì´ ì–´ìš° ã…Žã„·í•˜ë”ë¼êµ¬ìš”ì›ëž˜ ê´œì°®ì€ ì„±ëŠ¥ì˜ í°ì´ì—ˆëŠ”ë°  í•œ ìˆœê°„ì— ë²„ë²…ì´ëŠ” í°ìœ¼ë¡œ ë§Œë“¤ì–´ë²„ë¦° 13 í´ë¼ìŠ¤ ã„·
6,  ë¶€ì§€ì„±,ìž‡ì„­ë‹˜ ë“œë””ì–´ 13í”„ë¡œ ì˜ìƒì„ ì˜¬ë¦¬ì…¨ë„¤ìš” í•­ìƒ ì˜ìƒì˜ í€„ë¦¬í‹°ë¥¼ ì¤‘ì‹œí•˜ì‹œê³  ì‹œì²­ìž ë¶„ë“¤ì—ê²Œ ì¢€ë” ì¢‹ì€ ì˜ìƒì„ ì˜¬ë ¤ì£¼ì‹œë ¤ê³  ë…¸ë ¥í•˜ì‹œëŠ” ê²ƒ ìž˜ ëŠê»´ì ¸ìš” ì•žìœ¼ë¡œë„ í•­ìƒ ì—´ì‹¬ížˆ ìž¬ë¯¸ìžˆëŠ” ì˜ìƒ ì˜¬ë ¤ì£¼ì„¸ìš”!!!
7,  SE P,ë‹¤ë¥¸ ìœ íŠœë²„ë“¤ ë¦¬ë·° ì˜ìƒ ë³´ê³  13ì‚´ê¹Œ í•˜ë‹¤ê°€ í™•ì‹¤ížˆ ìž‡ì„ ìƒë‹˜ ì˜ìƒì—ì„œ ë””í…Œì¼ í•˜ê²Œ ë”°ì ¸ë³´ë‹ˆ ê°ˆì•„íƒˆ í•„ìš”ê°€ ì—†ìŒì„ ëŠê¼ˆìŠµë‹ˆë‹¤. ë•ë¶„ì— ë°± ì‚¼ì‹­ë§Œì›ì„ ì•„ê¼ˆìŠµë‹ˆë‹¤. ê°ì‚¬í•œ ë§ˆìŒì„ ë‹´ì•„ ì¢‹ì•„ìš” ë°±ë²ˆì„ ëˆŒë €ìŠµë‹ˆë‹¤. í–‰ë³µí•œ í•˜ë£¨ ë˜ì„¸ìš”~
8,  r2jay .G,ì§„ì§œ ìƒ‰ìƒë•œì— í”„ë¡œ ìƒ€ìŠµë‹ˆë‹¤. ë¸”ë£¨ ë„ˆë¬´ ì´ë»ìš”. í•´ì™¸ì‚´ì•„ì„œ ì¼ì° ë°›ì•„ì„œ 2ì£¼ ë„˜ê²Œ ì¼ëŠ”ë°.. ë„ˆë¬´ ì¢‹ë„¤ìš”. ì•„ì´í° 10ì—ì„œ ì˜¤ë ›ë§Œì— í°ì„ ì‚¬ì„œì¸ì§€ ê¸°ìˆ ë ¥ ë°œì „ì´ ì¢€ ë” í¬ê²Œ ëŠê»´ì¡ŒìŠµë‹ˆë‹¤.
9,  ì‹ ë””ì œìž‰,ì „ìžê¸°ê¸°ë¥¼ ì£¼ ì»¨í…ì¸ ë¡œ ì˜ìƒì„ ì œìž‘í•˜ì‹œëŠ” ìœ íŠœë²„ë¶„ë“¤ ì¤‘ì—ëŠ” ìž‡ì„­ë‹˜ì´ ìµœê³ ìž„.ìž‡ì„­ë‹˜ ì˜ìƒë³´ê³  ì•„ì´í°13 êµ¬ë§¤í•˜ëŠ”ë° ë§Žì€ ë„ì›€ì„ ë°›ìŒ.
10,  ì¤„ë¦¬ì•„ì˜ìƒì¡´ì¼ê¸° Julia's Survival Diary,ì™€ ì¤‘ê°„ì— ì˜ˆì‹œì˜ìƒì´ëž‘ ì‚¬ì§„ë“¤ ì •ë§ ìž˜ ì°ìœ¼ì…¨ë„¤ìš”!ðŸ‘ ê°œì¸ì ìœ¼ë¡œëŠ” 13í”„ë¡œì˜ ì‹œì—ë¼ë¸”ë£¨ë³´ë‹¤ëŠ” ì¼ë°˜ 13 ë¸”ë£¨ ìƒ‰ê¹”ì´ ë” ì´ì˜ë”ë¼êµ¬ìš” ^^
11,  flex ag,"í‰ìƒ ê°¤ëŸ­ì‹œ ìœ ì €ë¡œ ì• í”Œ ê°¬ì„± í•œë²ˆ ëŠê»´ë³´ê³  ì‹¶ì–´ ê°ˆì•„íƒ€ë³¼ê¹Œ ê³ ë¯¼ì¤‘ì¸ë° ì‚¬ì–‘,ì¹´ë©”ë¼ ë‹¤ ë– ë‚˜ì„œ ì• í”Œ í™˜ê²½ì— ê³¼ì—° ì ì‘ì„ í• ìˆ˜ ìžˆì„ê¹Œëž€ ê³ ë¯¼ì´ ê°€ìž¥ í¬ë„¤ìš”..ã… "
12,  ìš©ìž¬ ìµœ,"ì•„ì´í°13í”„ë¡œ ì‹œë¦¬ì¦ˆ 12í”„ë¡œ ì‹œë¦¬ì¦ˆëž‘ ë¹„êµí•´ì„œ ì¹©ì…‹,ì¹´ë©”ë¼,ë°°í„°ë¦¬ ë“± ì„±ëŠ¥ì´ ì˜¬ë¼ê°”ê³  ê·¸ì¤‘ì—ì„œ ê°€ìž¥ í¬ê²Œ ì™€ë‹¿ì„ ê²ƒ ê°™ì€ 120hz promotion ì£¼ì‚¬ìœ¨ì€ 10hzë¶€í„° 120hzê¹Œì§€ ì‹¤ì‹œê°„ìœ¼ë¡œ ì¡°ì ˆí•´ ì£¼ë¯€ë¡œì„œ ë°°í„°ë¦¬ë„ ì•„ë¼ê³  ì¼ì„ì´ì¡° ì¸ê²ƒ ê°™ìŠµë‹ˆë‹¤. ê·¸ëŸ¼ì—ë„ ê°€ê²©ì€ ë™ê²°ì´ë¼ ì—¬ë¡œëª¨ë¡œ ì¢‹ì•˜ëŠ”ë° ì¹´ë©”ë¼ê°€ ë¹„ì•½ì ìœ¼ë¡œ ì¢‹ì•„ì§„ ë§Œí¼ ì¼€ì´ìŠ¤ë¥¼ ê»´ë„ ì¹´íˆ­íŠ€ê°€ ì»¤ë²„ ì•ˆë ì •ë„ë¡œ ì‹¬í•´ì§„ê±´ ì¢€ ì•„ì‰¬ìš´ ë¶€ë¶„ì¸ ê²ƒ ê°™ìŠµë‹ˆë‹¤."
13,  ë¼ë¼ê²¸ëŒ•ì´,"ì•„ì´íŒ¨ë“œ êµ¬ê²½ ê°”ë‹¤ê°€ 13 ë´¤ëŠ”ë° ë¯¸ë‹ˆê°€ ê°€ë²¼ì›Œì„œ ì¢‹ë”ë¼ê³ ìš”.í…ì•Œ ì•„ì§ë„ ë©€ì©¡í•´ì„œ ë°”ê¿€ ë§˜ ì—†ì§€ë§Œ, 13ë§¥ìŠ¤ ë¬´ê²¹ê³  ë„ˆë¬´ í¬ê³ ~13ì´ 6sì²˜ëŸ¼ ìž‘ì•„ì„œ ì†ì— ì™ ë“¤ì–´ì˜¤ê³  ì¢‹ì•˜ì–´ìš”^^"
14,  ë°•ìž¬ìš°,í•­ìƒ ëŠë¼ëŠ”ê±´ë° ìž‡ì„­ë‹˜ì€ í…Œí¬ìœ íŠœë²„ì¸ì§€ë¼ ì˜ìƒ í™”ì§ˆì´ëž‘ í™”ë©´ë¹„ìœ¨ì´ ìµœê³ ìˆ˜ì¤€ì´ë„¤ìš”
15,  Doe G John,"5ë…„ë™ì•ˆ ë²„í…¨ì£¼ë˜ ì—˜ì§€í°ì´ ìŠ¬ìŠ¬ ìˆ˜ëª…ì´ ë‹¤ ë˜ì–´ ê°€ëŠ” ì™€ì¤‘ì— ìš”ìƒˆëŠ” ì°¸ ê³ ë¯¼ì´ ê¹Šë„¤ìš”.ì‚¼ì„±ìœ¼ë¡œ ê°€ë ¤ê³  í•˜ë‹ˆ, ì—¬ëŸ¬ ë¬¸ì œì ë“¤ì´ ìžê¾¸ ëŒ€ë‘ë˜ê³ ..ì• í”Œë¡œ ê°€ìžë‹ˆ ìµìˆ™í•˜ì§€ ì•Šì•„ì„œ ë¬¸ì œê³ ..13í”„ë¡œì™€ S21+ì‚¬ì´ì—ì„œ ê³ ë¯¼ì´ ë˜ë„¤ìš”. ì°¨ë¼ë¦¬ ì¢€ ë” ê¸°ë‹¤ë ¸ë‹¤ê°€ S22 ì¶œì‹œ ì†Œì‹ì„ ë³´ê³  ê³ ë¥¼ê¹Œ ì‹¶ê¸°ë„ í•˜ê³ .ê·¼ë° ìš”ì¦˜ ì‚¼ì„± í–‰ë³´ê°€ ì˜ ë§ˆìŒì— ì•ˆ ë“¤ì–´ì„œ ì°¸.. ì—˜ì§€ê°€ ì¢€ ë” ë²„í…¨ì¤¬ìœ¼ë©´ ì¢‹ì•˜ì„ í…ë°."
16,  ilill 1i,ê³ ë¯¼í•˜ë‹¤ê°€ ìž‡ì„­ë‹˜ ì˜ìƒë³´ê³  8+ì—ì„œ 13ìœ¼ë¡œ ë°”ê¿¨ì–´ìš”~~ 8í”Œ 200ê·¸ëž¨ ë„˜ì–´ì„œ í•­ìƒ ì†ëª© ì•„íŒ ëŠ”ë° ë“œë””ì–´ ê°€ë²¼ìš´ í°ìœ¼ë¡œ ë°”ê¿¨ë„¤ìš”!! 4ë…„ë§Œì— í°ë°”ê¾¸ëŠ”ê±°ë¼ ì—„ì²­ ì¢‹ê²Œ ëŠê»´ì§ˆ ë“¯ í•˜ë„¤ìš© í™ˆë²„íŠ¼ ì—†ëŠ”ê±° ì ì‘ì´ ì œì¼ ê±±ì •ì´ì˜ˆìš”ã…‹ã…‹ã…‹ã…‹
17,  ê¹€ë½€ë¼,13ì´ëž‘ 13í”„ë¡œ ë¹„êµ ì´ë ‡ê²Œ ìžì„¸í•˜ê²Œ í•˜ëŠ” ì˜ìƒê¸°ë‹¤ë ¸ì–´ìš”!!!ã… ã… ã…  í•‘í¬ ë•Œë¬¸ì— 13 ì£¼ë¬¸í–ˆëŠ”ë° ì„±ëŠ¥ì°¨ì´ ë•Œë¬¸ì— í”„ë¡œë¡œ ë°”ê¿€ê¹Œ ê³ ë¯¼ ì¤‘ì— í° ë„ì›€ì´ ë˜ì—ˆìŠµë‹ˆë‹¤. ê°ì‚¬í•©ë‹ˆë‹¤!!
18,  ë‚˜ëŠ”ê¸°ë‘˜ê¸°,ë­ ìž˜ ëª¨ë¥´ê³  ì“°ëŠ” ì¼ë°˜ì¸ì—ê²ŒëŠ” 13ë„ ì¶©ë¶„ížˆ ë¹ ë¥´ê³  ë¶€ë“œëŸ½ê³  ì‚¬ì§„ ìž˜ ì°ížˆê³  ì¢‹ë”ë¼ê³ ìš” ã…Žã…Ž 12í”„ë¡œì—ì„œ 13ìœ¼ë¡œ ë„˜ì–´ê°”ëŠ”ë° ì¶©ë¶„ížˆ ë§Œì¡±í•©ë‹ˆë‹¤!
19,  -HANBINIZM-,"ì§ì ‘ ë§Œì ¸ë³´ë‹ˆ, ì¹´ë©”ë¼ë³´ë‹¤ ì£¼ì‚¬ìœ¨ì˜ ì°¨ì´ì—ì„œ í™•ì‹¤ížˆ í”„ë¡œ ë‹µë‹¤ëŠ” ëŠë‚Œì´ ë“¤ë”êµ°ìš”. ðŸ‘"
20,  Rein,11 64gì“°ë‹¤ê°€ í”„ë§¥ 256gë¡œ ì™”ëŠ”ë° ë„ˆë¬´ ì¢‹ë„¤ìš”. ë°°í„°ë¦¬ì²´ê°ë„ ë˜ê³  í™”ë©´ë„ ì„ ëª…í•˜ê³ ã…‹ã…‹ êµ³ì´ ë‹¨ì ì´ë¼ë©´ ì¹´ë©”ë¼ê°€ ë„ˆë¬´ì»¤ì ¸ì„œ ì•½ê°„ ë¶€ë‹´ìŠ¤ëŸ¬ìš´ ì •ë„? ê·¸ì™¸ì—ëŠ” ë„ˆë¬´ ì¢‹ìŠµë‹ˆë‹¤
21,  YUN'S,ê°¤ëŸ­ì‹œ í´ë“œ2 ì“°ë‹¤ê°€ ì•„ì´í° 13í”„ë¡œë§¥ìŠ¤ë¡œ ê°ˆì•„íƒ”ëŠ”ë° ì¹´íˆ­íŠ€ëŠ” í´ë“œ2ê°€ ë” ì‹¬í•˜ë‹¤ê³  ëŠê»´ì„œ ì´ì •ë„ë©´ ê´œì°®ì€ë°ë¼ê³  ìƒê°í•¨ ë””ì§€ì¸ë„ í´ë“œë³´ë‹¤ ì´ì˜ê³ ìš” ã…Žã…Ž
22,  ì´í˜„ë²”,ë§¤ìž¥ì—ì„œ í”„ë¡œëž‘ ì¼ë°˜ ë‘˜ì„ ë¹„êµí• ë• ë„ˆë¬´ ëŠê²¨ë³´ì—¬ì„œ 120ì£¼ì‚¬ìœ¨ì´ íƒë‚˜ê¸´í–ˆëŠ”ë° ì¼ë°˜ë§Œ ì§‘ì—ì™€ì„œ ì‚¬ìš©í•˜ê²Œë˜ë‹ˆ 60ë„ ê´œì°®ì•„ì¡ŒìŒ..ì• ì´ˆì— ì¹´ë©”ë¼ í¬ê¸°ê°€ ë„ˆë¬´ì»¤ì„œ ì¼ë°˜ìœ¼ë¡œ ì„ íƒí–ˆì—ˆë˜ê±´ë°..ë””ìžì¸ì ìœ¼ë¡œë‚˜ ì¼ë°˜ì •ë„ì˜ ì„±ëŠ¥ì¼ì§€ë¼ë„ ì¶©ë¶„ížˆ ê³¼ë¶„í•œì‚¬ì–‘ì´ë¯€ë¡œ ìž˜í•œì„ íƒì´ì—ˆë‹¤ê³  ë´„.
23,  LawLiet,13ìœ¼ë¡œ 13 vs 13 pro ë¹„êµ ì˜ìƒë³´ê¸° 34ë§Œì› ì°¨ì´ ì¹˜ê³ ëŠ” ì—„ì²­ë‚œ ì´ì ì´ëž„ê²Œ ì—†ì–´ ë³´ì—¬ì„œ 13 ìƒ€ëŠ”ë° 120hzê°€ ë˜ ê±¸ë¦¬ê¸´ í•˜ë„¤ìš”
24,  leeyuu,ì§€ê¸ˆ 11ì“°ê³ ìžˆëŠ”ë° ì†ì— ê·¸ë¦½ê°ì„ ë”°ì¡Œì„ë• í¬ê¸°ê°€ ìž‘ì€ 13ë¯¸ë‹ˆê°€ ì¢‹ê³ ì¹´ë©”ë¼ í™•ëŒ€ë˜ëŠ”ê±°ìƒê°í•˜ë©´ í”„ë¡œê°€ ì¢‹ì•„ì„œ ê³ ë¯¼ì¤‘ì´ì˜€ëŠ”ë°ì´ë ‡ê²Œ ë¹„êµí•´ì£¼ì…”ì„œ ë„ì›€ë§Žì´ë˜ë„¤ìš”ðŸ¥°
25,  Dongwook Lee,8+ì—ì„œ 13í”„ë¡œë¡œ ì—Šê·¸ì œ ë„˜ì–´ì™”ì–´ìš”. ì• í”Œ í´ë¦¬ì–´ì¼€ì´ìŠ¤ë„ ê°™ì´ ì“°ëŠ”ë° ì¼€ì´ìŠ¤ë„ ì¹´íˆ­íŠ€ë³´í˜¸ë•Œë¬¸ì— íŠ€ì–´ë‚˜ì™€ì„œ ë‹¹í™©ã…‹ã…‹ã…‹ ê·¸ëž˜ì„œ ë°”ë‹¥ì— ë†“ê³  ì“¸ë• ë§¥ì„¸ì´í”„ ì§€ê°‘ë†“ê³  ì¨ìš”ã…Žã…Žã…Ž
26,  ìµœì§€ì¸,ê¸°ëŠ¥ ì°¨ì´ë¥¼ ë³´ê³  êµ¬ë§¤í•˜ëŠ”ê²ƒë„ ìžˆê² ì§€ë§Œ ì–´ë–»ê²Œ ë³´ë©´ í¬ê¸°ì™€ ìƒ‰ìƒì´ ë³¸ì¸ ì·¨í–¥ì— ê°€ê¹Œìš´ê²ƒ ë³´ê³  êµ¬ë§¤í•˜ì‹œëŠ”ë“¯ í•´ìš” ì „ ê¸°ë‹¤ë¦¬ê¸° ì‹«ì–´ì„œ ë°”ë¡œ êµ¬ë§¤ ê°€ëŠ¥í•œ 13 ë¸”ë£¨ í–ˆëŠ”ë°.ë¸”ë£¨ ë„ˆë¬´ ì—ë»ìš” ã… ã… â™¡
27,  ì•„ë¬´,ì´ë¯¸ 13ì˜ˆì•½ê±¸ê³  ë³´ëŠ” ì˜ìƒì´ì§€ë§Œ ì ‘ì‚¬ì—ì„œ 13 ê³¼ 13pro ì°¨ì´ê°€ ëª…í™•í•˜ê²Œ ë‚˜ëŠ”ê²ƒ ë³´ê³  ë” ìƒê°ì•ˆí•˜ê³  13proë¡œ ì˜ˆì•½í–ˆì–´ìš”. í”„ë¡œì„¸ìŠ¤ ì¸¡ë©´ê³¼ ë¬´ê²Œë©´ì—ì„œ ë©”ë¦¬íŠ¸ì—†ë‹¤ëŠ”ê±´ ì¢€ ìŠ¬í”„ì§€ë§Œ 13ì€ ì ‘ì‚¬ë¥¼ ëª»ìž¡ì•„ë‚´ë”ë¼êµ¬ìš”...
28,  ì¤€,"ì´ë¯¸ 13 ì¼ë°˜ ë°›ì•„ì„œ ì“°ê³  ìžˆëŠ”ë° 120hz, ìƒ‰ìƒ, ì¹´ë©”ë¼ ì •ë„ ë§ê³ ëŠ” ì¼ë°˜ê°„ë‹¤ê³  ì†í•´ë³¼ê±° ë”±ížˆ ì—†ìŒ ê° ì ìœ¼ë¡œ ì‹¤ìš©ì„±ì´ëž‘ ë””ìžì¸ ì¤‘ìš”ì‹œí•˜ëŠ” íŽ¸ì¸ë° ì € ì„¸ê°œ ì •ë§ í¬ê¸°ëª»í•œë‹¤ ì•„ë‹ˆë©´ ì¼ë°˜ê°€ëŠ”ê²Œ í•©ë¦¬ì ì¼ìˆ˜ë„ìžˆìŒ"
29,  Kim RubÃ©n,ê·¸ë™ì•ˆ ì•„ì´í°ì„ í•œë²ˆë„ ì•ˆì¨ë´ì„œ ì´ë²ˆì— ì„¸ì»¨í°ìœ¼ë¡œ ì•„ì´í°ì„ ì²˜ìŒ êµ¬ë§¤í•´ë³´ë ¤ê³  í•˜ëŠ”ë°.. ì´ë¯¸ ê°¤ëŸ­ì‹œS21 120Hzë¥¼ ê²½í—˜í•´ë²„ë ¤ì„œ ë„ˆë¬´ ê³ ë¯¼ë˜ë„¤ìš”.. ì„œë¸Œí°ì´ë‹ˆê¹Œ ë‹¹ì—°ížˆ ë¯¸ë‹ˆë©´ ì¶©ë¶„í•˜ê² ì§€ í–ˆëŠ”ë° ë§¤ìž¥ê°€ì„œ ì•„ì´í°12 ë§Œì ¸ë³´ë‹ˆ 60Hz ì—­ì²´ê°ì´ ìƒê°ë³´ë‹¤ ì‹¬í•´ì„œ ã… ã… ã…  ê¸°ì™• ì•„ì´í° ì¨ë³´ëŠ”ê±° í”„ë¡œë¡œ í•œë²ˆ ì œëŒ€ë¡œ ì¨ë³´ëŠ”ê²Œ ë‚˜ìœ¼ë ¤ë‚˜... í•˜ë©´ì„œ ì• í”Œì˜ ìƒìˆ ì— ë§ë ¤ë“¤ê³  ìžˆë„¤ìš”...
30,  Dolmeng,13ì´ëž‘ 13í”„ë¡œëž‘ ê³ ë¯¼í–ˆì—ˆëŠ”ë° ê°€ë²¼ìš´ê±° ì¢‹ì•„í•˜ê¸°ë„í•˜ê³  13 ì¹´ë©”ë¼ë„ ì¶©ë¶„ížˆ ì¢‹ì•„ë³´ì—¬ì„œ ë“œëŽŒ 13ìœ¼ë¡œ ê²°ì •í–ˆì–´ìš”!! ê·¸ë¦¬ê³  ë¹„êµì˜ìƒ ë„ì›€ëì–´ìš” ê°ì‚¬í•©ë‹ˆë‹¹ ~~
31,  ? Drugnoru,ì¸ìƒ ì²«  ì•„ì´í°ì„ ìž‡ì„­ë‹˜ì˜ìƒë³´ê³  í”„ë¡œë§¥ìŠ¤ë¡œ êµ¬ë§¤í•˜ê²Œ  ë˜ì—ˆìŠµë‹ˆë‹¤. ì´ê±°ì¢‹ì•„ìš” í•˜ë©´ì„œ ì¶”ì²œí•´ì£¼ëŠ”ê±°ë³´ë‹¤ ë‹¨ì ì„ ì§šì–´ì£¼ëŠ” ë¦¬ë·°ë•ë¶„ì— êµ¬ë§¤í• ë•Œ. ë„ì›€ì´ ë˜ì—ˆìŠµë‹ˆë‹¤.ì•„ì´íŒ¨ë“œí”„ë¡œ 11ì¸ì¹˜ë„ 6ì›”ì— ì‚¬ê³  ì—„ì²­ ìž˜ì“°ê³ ìžˆëŠ”ë° í”„ë§¥ë„  ë§Œì¡±ìŠ¤ëŸ¬ì›Œì„œ ì •ë§ ì¢‹ì€ ë¦¬ë·°ê°ì‚¬ë“œë¦½ë‹ˆë‹¤
32,  ì •ê·œì›,ê°¤S9 ì“°ë‹¤ê°€ ì´ë²ˆì— ì´ ì˜ìƒë³´ê³  13ìœ¼ë¡œ ë°”ê¿¨ìŠµë‹ˆë‹¤ ã…Žã…Žì €ëŠ” ì˜¤ížˆë ¤ ì·¨ë¯¸ë¡œ ì‚¬ì§„ë„ ì°ê³  íŽ¸ì§‘ë„ í•˜ì§€ë§Œ í”„ë¦¬ì¦ˆë¹„ê°€ì„œ ë§Œì ¸ë³¸ ê²°ê³¼ ì¹´ë©”ë¼ì„¬ì´ ë„ˆë¬´ ê±¸ë¦¬ì ê±°ë¦¬ë”ë¼êµ¬ìš”.. ê·¸ëž˜ì„œ ì–´ì°¨í”¼ S9ì—ì„œ ê°ˆì•„íƒ€ëŠ”ê±°ë¼ ì¼ë°˜ ì•„ì´í°13ë„ ì¶©ë¶„ížˆ ì˜¤ë²„ìŠ¤íŽ™ì´ì–´ì„œ ì¼ë°˜ëª¨ë¸ë¡œ ê²°ì •í–ˆìŠµë‹ˆë‹¤ ã…Žã…Žì˜ìƒ ì •ë§ ë§Žì€ ë„ì›€ì´ ë˜ì—ˆê³  ì•žìœ¼ë¡œë„ ì¢‹ì€ì˜ìƒ ë¶€íƒë“œë¦½ë‹ˆë‹¤ ã…Žã…Ž
33,  á„‹á„‹á„‹,í”„ë¡œ ê¸°ëŠ¥ë§Œí¼ì˜ ê°€ë²¼ìš´ í°ì„ ë§Œë“¤ì–´ ì¤¬ìœ¼ë©´ ì¢‹ê² ë‹¤ ã… ã…  ë¯¸ë‹ˆì™€ í”„ë¡œë¥¼ í•©ì¹œ ê·¸ëŸ° í° í”„ë¡œë¡œ ë„˜ì–´ê°€ê³  ì‹¶ì–´ë„ ë¹„ì‹¼ê±´ ë‘˜ì§¸ì¹˜ê³  ë„˜ ë¬´ê±°ì›Œ
34,  Shane Hahn,ë””í…Œì¼í•œ ì˜ìƒ ê°ì‚¬í•©ë‹ˆë‹¤. ìž˜ ë´¤ìŠµë‹ˆë‹¤. ì‹œë©˜íŠ¸ ë¸”ë£¨ê°€ ìƒ‰ìƒì´ ì¢‹ì€ë“¯í•˜ì§€ë§Œ í•‘í¬ëž‘ ë†“ìœ¼ë‹ˆ ì•ˆìŠµì´ë¼ í•‘í¬ë¥¼ ì‚¬ì™”ìŠµë‹ˆë‹¤ ã…Ž ë¹›ë°˜ì‚¬ ê°ë„ì— ë”°ë¼ì„œ ìƒ‰ê¹”ì´ ì˜... ì¹™ì¹™í•˜ê³  ì‹œë©˜íŠ¸ê°™ë”ë¼êµ¬ìš”.
35,  ë³´ë¦„ë‹¬,ìž‡ì„­ë‹˜!! í•­ìƒ ë„ˆë¬´ ìœ ìš©í•˜ê²Œ ì •ë§ ìž˜ ë³´ê³ ìžˆìŠµë‹ˆë‹¹!!!ì—¬ì­¤ë³´ê³  ì‹¶ì€ê²Œ ìžˆëŠ”ë°ìš”! ìš”ì¦˜ ì¹´ë©”ë¼ ë³´í˜¸ ê°•í™”ìœ ë¦¬ë¼ê³ í•´ì„œ ë¶™ì´ë©´ ë¼ì´ë‹¤ì„¼ì„œ ì‚¬ìš©ì— ì˜í–¥ì„ ë¯¸ì¹˜ë‚˜ìš”?? ê·¸ë¦¬ê³  ë¸”ëž™ë§(?)ì´ë¼ê³  í•´ì„œ ìžˆìœ¼ë©´ ë” ì„ ëª…í•˜ê²Œ ì°ížŒë‹¤ê³ í•˜ëŠ”ë° ê·¸ê²ƒë„ ë§žë‚˜ìš”? ì´ê±°ì— ëŒ€í•œ ì˜ìƒì´ë‚˜ ê¸€ì„ ì°¾ì•„ë³¼ ìˆ˜ ì—†ëŠ”ë° ì œì¼ ë¯¿ì„ ìˆ˜ ìžˆëŠ” í…Œí¬ìœ íŠœë²„ì´ì‹  ìž‡ì„­ë‹˜ê»˜ ì—¬ì­¤ë´…ë‹ˆë‹¤!
36,  ê¹€ì„ ìœ¨,í•œì°¸ ê³ ë¯¼í•˜ë‹¤ê°€ ì˜¤ëž˜ ì“¸ ìƒê°ìœ¼ë¡œ proêµ¬ë§¤ í–ˆìŠµë‹ˆë‹¤. ë‹¤ë“¤ ë¬´ê²ë‹¤ê³  ê±±ì • ë§Žì´ í•˜ì‹œë˜ë° ì „ ì „í˜€ ëª» ëŠë¼ê² ë”ë¼ê³ ìš”.. ì‚¬ëžŒë§ˆë‹¤ ì°¨ì´ê°€ í° ê²ƒ ê°™ìŠµë‹ˆë‹¤s20+ì—ì„œ ë„˜ì–´ì˜¨ê±°ë¼ ì˜¤ížˆë ¤ í™”ë©´ í¬ê¸°ê°€ ì¢€ ë¶ˆíŽ¸í•˜ë„¤ìš” ã… ã…œ
37,  ë°”ìš´ìŠ¤ì›¨ì´,"14:57 ë…¸íŠ¸9 ì“°ë‹¤ê°€ ì´ë²ˆì— 13ì¼ë°˜ìœ¼ë¡œ ê°ˆì•„íƒ”ëŠ”ë°, ì•„ì´íŒ¨ë“œ ì—ì–´ 4ì„¸ëŒ€ê°€ ìžˆì–´ì„œ ê·¸ëŸ°ì§€ í”„ë¡œ ì“°ë©´ ì˜¤ížˆë ¤ ì—­ì²´ê° ë¬¸ì œê°€ ìƒê¸¸ê±°ê°™ì•„ì„œ ì¼ë°˜ ì„ íƒí•œê±° ì•„ì£¼ ë§Œì¡±í•˜ëŠ” ë¶€ë¶„ìž…ë‹ˆë‹¤ !ë¬¼ë¡  ì–´ì œ ë„ì°©í•œ ì•„ì´í° ìžì²´ì— ì ì‘í•˜ëŠ” ì‹œê°„ì€ ë³„ê°œë¡œ í•„ìš”í•˜ì§€ë§Œìš”ã…‹ã…‹ã…‹"
38,  ì˜¨ëˆ„ë¦¬ë³µì§€ì„¼í„°,ì´ë²ˆì—ë„ ì• í”Œì´ ìž˜ ë§Œë“¤ì—ˆë„¤ìš”^^í”„ë¡œì˜ 120í—¤ë¥´ì¸ ëŠ” ì¹­ì°¬í•˜ì§€ë§Œ ì•„ì§ë„ c-type ì•„ë‹Œ ê±°ëŠ” ì•„ì‰¬ì›€ã… 
39,  ìµœì„œì›,"ìž‡ì„­ë‹˜, 13ê³¼ 13í”„ë¡œì˜ ëž¨ì°¨ì´ê°€ 2gbì¸ë°, ì¹´ë©”ë¼ ì´¬ì˜ ì¤‘ ê±¸ë¦¬ëŠ” ë ‰ì´ë‚˜ ì•± ë¦¬í”„ë ˆì‹œ ê°™ì€ê±´ ì°¨ì´ê°€ ì–¼ë§ˆë‚˜ ë‚˜ëŠ”ì§€ ì•Œ ìˆ˜ ìžˆì„ê¹Œìš”?"
40,  Junâ€™s ch,"í•­ìƒ ì¢‹ì€ ì •ë³´ ê°ì‚¬ë“œë¦½ë‹ˆë‹¤.ì €ëŠ” 13í”„ë¡œë¥¼ ì •í™•ížˆ 7ì£¼ì¼ì§¸ ì‚¬ìš©ì¤‘ì¸ë°, ì–´ì œ ë¶€ì£¼ì˜ë¼ë©´ ë¶€ì£¼ì˜ëž„ê¹Œ ì˜ë„ì¹˜ ì•Šê²Œ 30-40ì„¼í‹° ë†’ì´ì—ì„œ ë‚™í•˜í•˜ëŠ” ì‚¬ê³ ê°€ ìžˆì—ˆìŠµë‹ˆë‹¤.ì• í”ŒìŠ¤í† ì–´ì—ì„œ êµ¬ìž…ê³¼ ë™ì‹œì— ì •í’ˆ ì»¤ë²„+ë³´í˜¸ê°•í™”ìœ ë¦¬í•„ë¦„ìœ¼ë¡œ ìž¥ì°©ì‹œì¼°ì§€ìš”.ëŒ€ë‹¨í•œ ë†’ì´ë„ ì•„ë‹Œë°, ëª¨ì„œë¦¬ìª½ì— ë³´í˜¸í•„ë¦„ í¬ëž™ì´ ë‚¬ë”êµ°ìš”.ë­ ì´ëŸ´ë•Œë¥¼ ëŒ€ë¹„í•œ ì†Œëª¨í’ˆì´ë¼ ìƒê°í•˜ê³  ëŠ˜ ë³´í˜¸í•„ë¦„ì„ êµ¬ë§¤í•˜ëŠ” íŽ¸ì´ì§€ë§Œ, ì´ê²Œ ë­”ì¼ì¸ì§€ ë°‘ìª½ìœ¼ë¡œ ë””ìŠ¤í”Œë ˆì´ ê¸€ëž˜ìŠ¤ì—ë„ 2ë¯¸ë¦¬ ì •ë„ í¬ëž™ì´ ë‚¬ë”êµ°ìš”.ì•„ì´í°3ë¶€í„° í˜„ìž¬ê¹Œì§€ 13ë…„ì„ ì‚¬ìš©í•´ ì™”ëŠ”ë° ì „ë©´ë””ìŠ¤í”Œë ˆì´ ê¸€ëž˜ìŠ¤ê°€ ì†ìƒëœê±´ ì²˜ìŒì´ë¼ ë§Žì´ ë‹¹í˜¹ìŠ¤ëŸ¬ì› ìŠµë‹ˆë‹¤.ì´ì „ ìž‡ì„­ë‹˜ì´ ì•„ì´í°ì„ ë¶„í•´ í•˜ì‹¤ë•Œ ì¼ë‹¨ ëšœë”°ë¥¼ í•  ê²½ìš° ë°©ìˆ˜ ì„±ëŠ¥ì— ì˜í–¥ì„ ë¯¸ì¹ ìˆ˜ ìžˆë‹¤ëŠ”ê±¸ ì–¸ê¸‰ê¸‰í•˜ì…¨ëŠ”ë°, ê·¸ëŸ°ê²ƒë„ ê±±ì •ë˜ê³  ê±°ê¸ˆì£¼ê³ ì‚°ê±¸ ì¼ì£¼ì¼ë§Œì— ëšœê»‘ì„ ë”°ê²Œë§Œë“  ì–´ì´ì—†ëŠ” ê²½ë„ì˜ ê¸€ëž˜ìŠ¤ ë‚´êµ¬ì„±ì— ë‚™ë‹´ì„ í•˜ê²Œ ë©ë‹ˆë‹¤.ì¼ë‹¨ ê³µì‹ ì„œë¹„ìŠ¤ ì„¼í„°ì—ì„œ ì§„ë‹¨ì„ ë³´ê³  ë°©í–¥ì„ ê²°ì •í•˜ìžëŠ” ì„œí¬í„°ì˜ ì•ˆë‚´ë¡œ ë‚´ì¼ ì˜ˆì•½ì„ ìž¡ì•„ë†¨ëŠ”ë° ì–´ë–»ê²Œ ë ì§€â€¦ìŠ¤íŠ¸ë ˆìŠ¤(ì‚¬ì‹¤ ì˜¤ëŠ˜ ì˜ˆì•½ì´ì—ˆëŠ”ë° ì–´ì œ ë„ˆë¬´ ì‹ ê²½ì„ ë§Žì´ ì¨ì„œ í•˜ë£¨ì¢…ì¼ ê¸°ì ˆí•´ ìžˆì—ˆìŒ)ìžì„¸ížˆ ë³´ë‹ˆ ë¬¼ë¦¬ì ìœ¼ë¡œ ë‹¿ì„ìˆ˜ ì—†ëŠ” í”„ë ˆìž„ìª½ì—ë„ ë¯¸ì„¸í•˜ê²Œ ì°ížˆë“¯ ìƒì²˜ê°€ ë‚˜ìžˆëŠ”ë°, ìˆœì •í’ˆë³´ë‹¤ ì• í”„í„°ë§ˆì¼“ì—ì„œ íŒë§¤í•˜ëŠ” ì»¤ë²„ë“¤ì´ í›¨ì”¬ ë‚˜ì€ê²ƒ ê°™ìŠµë‹ˆë‹¤.ê°•í™”ë³´í˜¸í•„ë¦„í•œìž¥ì— í•œí™”ë¡œ 6ë§Œì›ì´ ë„˜ëŠ”ë°â€¦ì‹¸êµ¬ë ¤ ëª‡ì²œì›ì§œë¦¬ ì•¼ë§¤í•„ë¦„ì´ ë‚˜ì€ë“¯â€¦ì•”íŠ¼,ì¼ì£¼ì¼ê°„ ì‚¬ìš©í•´ ë´¤ëŠ”ë° ê°œì¸ì ìœ¼ë¡œëŠ” ê·¸ëƒ¥ ì• í”Œì˜ ì¢‹ì€ ìŠ¤ë§ˆíŠ¸í°ì„ ì›í•˜ë©´ 13ì„ ì‚¬ì‹œëŠ”ê²Œ ë§žê³ , ì‚¬ì§„ì´ëž‘ ë™ì˜ìƒì— í™˜ìž¥í•˜ì‹  ë¶„ë“¤ì´ë©´ 13í”„ë¡œë¥¼ ì‚¬ì‹œëŠ”ê²Œ ë§žë‹¤ ë´…ë‹ˆë‹¤.ì•„ì°¸ í”„ë¡œëŠ” ì™ ë§Œí•˜ë©´ 512ë‚˜ 1í…Œë¼ë¥¼ ì‚¬ì‹œê¸¸â€¦"
41,  ì™€ì•„,ì˜¤ížˆë ¤ ì „ ì¹´íˆ­íŠ€ê°€ ìžˆëŠ”ê²Œ ë” ì¢‹ì€ ê±° ê°™ì•„ìš”.ì¹´íˆ­íŠ€ê°€ ì•„ì˜ˆ ì—†ëŠ” V50 ì‚¬ìš©ì¤‘ì¸ë° ì¼€ì´ìŠ¤ë„ ì—†ì´ ì¨ì„œ ë’¤ë¥¼ ë§Œì§€ë‹¤ ë³´ë©´ ì¹´ë©”ë¼ì™€ ë’·íŒ ì‚¬ì´ ê²½ê³„ê°€ ì—†ê¸° ë•Œë¬¸ì— ë³¸ì˜ì•„ë‹ˆê²Œ ì¹´ë©”ë¼ë¥¼ ë§Œì§€ê²Œ ë˜ëŠ” ê²½ìš°ê°€ ë§Žì•„ ì§€ë¬¸ì´ ì—„ì²­ ë¬»ì–´ìš”... ì°¨ë¼ë¦¬ ê²½ê³„ ìžˆëŠ”ê²Œ ë” ë‚˜ì€ë“¯í•´ìš”
42,  íƒ±êµ¬íƒ±,ê·¸ë‚˜ì €ë‚˜ ê°¤ëŸ­ì‹œëŠ” a52së„ 120hz ë””ìŠ¤í”Œë ˆì´ë¥¼ ì§€ì›í•˜ëŠ”ë°..ì‚¼ì„±ì˜ ì´ì „ í”Œëž˜ê·¸ì‰½ë„ ê¸‰ë‚˜ëˆ„ê¸°ë„ ì•„ì‰¬ìš´ ì ì´ ë§Žì•˜ì§€ë§Œ ì•„ì´í°ì— ì´ë²ˆì— ê·¸ ì ì´ ë§Žì´ ì•„ì‰¬ì› ë„¤ìš”ã…œ
43,  ì„±ì¹˜,ìž‡ì„­ë‹˜ í•­ìƒ ìž˜ ë³´ê³ ìžˆìŠµë‹ˆë‹¤~ í˜¹ì‹œ ê°¤ëŸ­ì‹œ ì œí’ˆë“¤ì´ëž‘ ì• í”Œ ì œí’ˆë“¤ í˜¸í™˜ì„± ë‹¤ë¤„ì£¼ì‹¤ ìˆ˜ ìžˆë‚˜ìš” ?? ì´ê²ƒì €ê²ƒ ì¨ë³´ë‹ˆ.. ì•„ì´í° ë²„ì¦ˆ+ê°¤ì›Œì¹˜ ë˜ëŠ” ê°¤ëŸ­ì‹œì— ì—ì–´íŒŸ+ì• í”Œì›Œì¹˜ ì´ë ‡ê²Œ í˜¸í™˜ì´ ìž˜ ë˜ëŠ”ì§€ ê¶ê¸ˆí•´ì„œìš”! ì•„ì˜ˆ ëª» ì“¸ ì •ë„ì¸ì§€ ì•„ë‹ˆë©´ ì“¸ë§Œí•œì§€.. :)
44,  Aron J,ë”± ë‚´ê°€ ê³ ë¯¼í–ˆë˜ ë‘ ì»¬ëŸ¬ë„¤ã…Žã…Ž ë‚˜ì—ê² ë¬´ê²Œê°€ ê°€ìž¥ ì¤‘ìš”í–ˆê³  ë‚˜ì¤‘ì— ëŒ€í­ ê°€ë²¼ì›Œì§„ í”„ë¡œë¼ì¸ì´ ë¶„ëª… ë‚˜ì˜¬ê±°ë¼ì„œ ê·¸ë•Œ í”„ë¡œë¼ì¸ ê°€ìžë©° ì´ë²ˆì—” ì¼ë°˜ í•‘ê¾¸ë¡œ ê³ ë¦„. ì´ì˜ê³  ê°€ë³ê³  ìž˜~ìƒ€ë‹¤~~ã…Žã…Ž
45,  í”„ë¡œí‹°ë‹ˆì­ˆìì­ˆì,ì•„ì´í° 6s ì•„ì´í°x 7ë…„ì“°ë‹¤ ì§€í”Œë¦½3 í˜¸ê¸°ì‹¬ì— ì¨ë´¤ë‹¤ê°€ í•œë‹¬ë§Œì— íƒˆì¶œí–ˆìŠµë‹ˆë‹¤ ì§„ì§œ ì•„ì´í°ì€ í•œë²ˆ ë§›ë³´ë‹ˆê¹ ë¹ ì ¸ë‚˜ì˜¬ìˆ˜ê°€ ì—†ë„¤ìš” ê¸°ëŠ¥ì€ ê°¤ëŸ­ì‹œê°€ íŽ¸ì˜ì„±ì´ ì¢‹ì„ì§€ ëª¨ë¥´ê² ì§€ë§Œ ì„±ëŠ¥ì´ ì••ë„ì ì´ë¼ì„œ ë– ë‚ ìˆ˜ê°€ ì—†ë„¤ìš”
46,  í˜„,í•¸ë“œí° ë°”ê¿€ ìƒê°ì—†ëŠ”ëŒ€ë„ ìž‡ì„­ë‹˜ ì˜ìƒì€ ìœ ìµí•˜ê³  ìž¬ë°Œì–´ì„œ í´ë¦­í•˜ê²Œ ë¼ìš” ìž˜ë´¤ìŠµë‹ˆë‹¤!
47,  ì‚´ë ¤ëŠ”ë“œë¦´ê²Œ,ê°¤ëŸ­ì‹œì—ì„œ ê°ˆì•„íƒ„ ì‚¬ëžŒìœ¼ë¡œì„œ ì•„ì´í°13 ì¼ë°˜ ë„ˆë¬´ ì¢‹ë„¤ìš” ì¹´ë©”ë¼ ë¯¸ì¹¨ ã… ã…  ì¼ë°˜ì¸ì€ ë¯¸ë‹ˆë‚˜ ì¼ë°˜ë„ ì¶©ë¶„í•  ê²ƒ ê°™ì•„ìš”
48,  slkjfldjs sk,"í”„ë¡œë¥¼â€¦.ì‚¬ë²„ëŸˆë‹¤â€¦â€¦..ìƒ‰ ìž¥ë‚œì— ëŒ€í•œ ë¶ˆì•ˆë„ ìžˆì—ˆê³  (íŠ¹ížˆ ë³´ë¼ìƒ‰ì„ ì¢‹ì•„í•˜ëŠ” ì‚´ëžŒ) ì‚¬ì§„, ì˜ìƒì„ ì¢‹ì•„í•´ì„œ ë§Œì¡±í•©ë‹ˆë‹¤ íŠ¹ížˆ XSì—ì„œ ë„˜ì–´ì™€ì„œ ì—…ë°ì´íŠ¸ê°€ ë”ë”ìš± ìž˜ ì™€ë‹¿ì•„ìš”í•˜ì§€ë§Œ ë¬´ê²Œë¥¼ ì¢€ ë§Œë§Œí•˜ê²Œ ë³¸ê²ƒ ê°™ê¸´í•´ìš”â€¦ã…Ž"
49,  ê¹€ë¡œë¡œ,13proê°€ í‰ì†Œì—ëŠ” ë¬´ê±°ìš´ ëŠë‚Œì€ ë”±ížˆ ì•ˆë“¤ê³  ê´œì°®ì€ë° ëˆ„ì›Œì„œ í° ìœ„ë¡œ ë“¤ì–´ì˜¬ë¦¬ê³  í•  ë•ŒëŠ” ì¢€ ë²„ê±°ìš´ ëŠë‚Œì´ ìžˆë”ë¼ê³ ìš”
50,  ê¶Œí›ˆ,ìž‡ì„­ë‹˜ ìƒ¤ì˜¤ë¯¸ íŒ¨ë“œ 5 ëž‘ ì•„ì´íŒ¨ë“œ ë¹„êµë¶„ì„ ì˜ìƒì€ ì–´ë–¨ê¹Œìš”? ê°œì¸ì ìœ¼ë¡œ ìƒ¤ì˜¤ë¯¸ íŒ¨ë“œ5ê°€ ì´ë²ˆì— APì¹©ì…‹ë§Œ ë¹¼ë©´ ìž˜ë‚˜ì˜¨ê±° ê°™ì€ë° ê³ ê¸‰í˜•  íƒœë¸”ë¦¿ì¸ ì•„ì´íŒ¨ë“œëž‘ ë¹„êµí•˜ë©´ ì–´ë–¨ì§€ ê¶ê¸ˆí•©ë‹ˆë‹¤!
51,  Twin C,ìž‡ì„­ë‹˜~ 13 ì‹œë¦¬ì¦ˆ ë°°í„°ë¦¬ í…ŒìŠ¤íŠ¸ í•´ì£¼ì‹œë©´ ì•ˆë ê¹Œìš”? 13ì‹œë¦¬ì¦ˆ ì•ˆì—ì„œë„ ë¯¸ë‹ˆì™€ ì¼ë°˜ í”„ë¡œ.. ë°°í„°ë¦¬ ì¸¡ì •ì´ ë‹¤ ë‹¬ë¼ì„œ ìž‡ì„­ë‹˜ì˜ ë°°í„°ë¦¬ ì˜ìƒë„ ë³¼ ìˆ˜ ìžˆìœ¼ë©´ ì¢‹ê² ìŠµë‹ˆë‹¤!
52,  ì•„ížˆ,ì˜ìƒë³´ê³  ë°”ë¡œ êµ¬ë§¤í–ˆìŠµë‹ˆë‹¤.ðŸ˜ŠðŸ¤­ì•„ì´í°13í”„ë¡œ í™”ì´íŠ¸ ìƒ‰ìƒì€ ìž¬ê³ ê°€ ì•ˆí’€ë ¤ì„œ ê²°êµ­ ì•„ì´í° 13 í™”ì´íŠ¸ë¡œ ì£¼ë¬¸í–ˆë‹µë‹ˆë‹¤ã…Ž ê°¤ëŸ­ì‹œë…¸íŠ¸10ì—ì„œ ê°ˆì•„íƒ€ëŠ”ë° ë…¸íŠ¸ë§Œí¼ í”„ë¡œê°€ ë¬´ê²ë‹¤ëŠ” ë§ë“¤ë•Œë¬¸ì— ë¬´ê±°ìš´ê°ì—†ì´ ì“°ê³ ì‹¶ê¸°ë„ í•˜ê³  ì…€ì¹´ë§Œ ìž˜ë‚˜ì˜¤ë©´ ë˜ì–´ì„œ ë°”ë¡œ êµ¬ë§¤ì™„ë£Œ í–ˆë„¤ìš” 2ë…„ì´ìƒ ìž˜ì“°ê¸¸â˜º
53,  ê³µìœ ì— ë¯¸ì¹œ ì¤‘3ë³‘ ìƒˆë¼,ì§„ì§œ ì €ë‘˜ì´ ã„¹ã…‡ ê°•ì ìž„ ã…‹ã…‹ ë¯¸ë‹ˆëŠ” í•™ìƒë“¤ì´ ë” ë§Žì´ ì“°ê¸´í•¨ í”„ë¡œë„ ì‚¬ìš©í•˜ëŠ” ì• ë“¤ ë§Žê³  ê° ì ìœ¼ë¡œ ë‚œ ê± í”„ë¡œê°€ ì¢‹ìŒ ðŸ’“
54,  Aaron Ko,"6:12 ì´ ë¶€ë¶„ì€ ê°œë°œìžê°€ ì§ì ‘ ìˆ˜ì •í•  ìˆ˜ ìžˆìŠµë‹ˆë‹¤.ì‹¤ì œë¡œ ì• í”Œ ì•± ë””ë²¨ë¡œí¼ ê°€ì´ë“œì—ë„ ê°œë°œìžê°€ ìžìœ ë¡­ê²Œ ì£¼ì‚¬ìœ¨ì„ ìˆ˜ì •í•  ìˆ˜ ìžˆëŠ” ì˜µì…˜ì„ ì¤€ë‹¤ê³  ë‚˜ì™€ ìžˆìŠµë‹ˆë‹¤.ë‹¤ë§Œ 120hzëŠ” ìµœëŒ€í•œ â€œìžì œâ€ í•˜ë¼ëŠ” ê±¸ ë³´ë©´, 120hzê°€ ë°°í„°ë¦¬ íƒ€ìž„ì— ìƒë‹¹í•œ ì˜í–¥ì„ ë¯¸ì¹˜ì§€ ì•Šì„ê¹Œ ì‹¶ë„¤ìš”."
55,  J,ê³ ë¯¼ë¼ì„œ ì• í”Œ ë§¤ìž¥ ê°€ì„œ ì‹¤ë¬¼ ë³´ê³  ì™”ì–´ìš”~ ìƒ‰ìƒì€ ë‘˜ ë‹¤ ì´ìœë° ì•„ì´í° í”„ë¡œ ë“¤ì–´ë³´ê³  ë¬´ê²Œ ì°¨ì´ê°€ ê½¤ ë‚˜ë”ë¼êµ¬ìš¯ã…Ž ì†ëª© ë‚˜ê°ˆê±°ê°™ì•„ì„œ í•‘í¬ ì‚¬ë ¤êµ¬ìš©ã…Žã…Žã…Ž
56,  ì•Œì½©ë‹¬ì½©,ì ì ˆí•œ ì„¤ëª…ê³¼ ë¹„ìœ ë¥¼ ìž˜ë³´ê³  ê°‘ë‹ˆë‹¤.ì •ë§ ì• í”Œì€ ê¸‰ë‚˜ëˆ„ê¸°ì˜ ì˜ë¯¸ë¥¼ìž˜ì•Œê³  ìžˆë„¤ìš”.
57,  Mistorm,ì¶©ì „ê¸° ê´€ë ¨í•´ì„œëŠ” ì–´ë–¤ê°€ìš”?ì•„ì´í°xrì“°ë‹¤ê°€ ì•„ì´í°13 ê¸°ë‹¤ë¦¬ê³  ìžˆëŠ”ë°ì›ëž˜ ì“°ê³  ìžˆë˜ ì¶©ì „ê¸°ëž‘ ì¼€ì´ë¸” ì¨ë„ ìƒê´€ì—†ë‚˜ìš”?ì•„ë‹ˆë©´ ë°”ê¾¸ëŠ” ê²Œ ë‚«ë‚˜ìš”?ìž‡ì„­ë‹˜ ì˜ìƒ ë„ˆë¬´ë„ˆë¬´ ìž˜ ë³´ê³  ìžˆìŠµë‹ˆë‹¹!ë‹¨ì¶” ë¹µí„°ì¡Œì–´ì—¬ã…‹ã…‹ã…‹ì†ì´ ì‹œì›ì‹œì›í•´ìš©ðŸ’¡
58,  ê¹€ì¤€í˜,ìž‡ì„­í˜•ë‹˜ í•­ìƒ ìž˜ë³´ê³ ìž‡ìŠµë‹ˆë‹¤!!ðŸ˜ì˜¤ëž˜ì˜¤ëž˜ ì˜ìƒ ë§Žì´ì˜¬ë ¤ì£¼ì„¸ìš”!
59,  ë¯¼íŠ¸ì´ˆì½”,ë² í„°ë¦¬ë¥¼ ì†Œëª¨í•˜ë”ë¼ë„ ë†’ì€ ì£¼ì‚¬ìœ¨ì„ ìœ ì§€í•˜ëŠ”ê²Œ ë”ë”ìš± ì¢‹ì€ê²½í—˜ì— ê°€ê¹Œì›Œì§ˆê²ƒì´ë¼ ìƒê°í•©ë‹ˆë‹¤ ë²„ë²…ì´ëŠ”ê±° ì‹¤í™”ëƒ... ê°€ë³€ ê¸°ëŠ¥ì„ ì•½í•˜ê²Œ í•˜ëŠ” ê¸°ëŠ¥ì„ ì¶”ê°€í•´ì•¼ í•  ì •ë„ì¸ ê²ƒ ê°™ë‹¤
60,  1016,ì¼ë°˜ ìœ ì €ì—ê²Œ ê¸°ë³¸ì´ëž‘ í”„ë¡œ ì°¨ì´ì ìœ¼ë¡œ ê°€ìž¥ ì¤‘ìš”í•œê±°ëŠ” ì¹´ë©”ë¼ë‚˜ ì„±ëŠ¥ì´ ì•„ë‹ˆë¼ ê°€ê²©ì´ëž‘ ë””ìžì¸ìœ¼ë¡œ ì¸í•œ ì‹¬ë¦¬ì  ì••ë°•ì¸ë“¯
61,  sh,13ì´ëž‘ í”„ë¡œëž‘ ì—„ì²­! ê³ ë¯¼í–ˆëŠ”ë° ì´ë ‡ê²Œ ë¹„êµ ì˜ìƒ ì˜¬ë ¤ì£¼ì…”ì„œ ë„ˆë¬´ ê°ì‚¬í•©ë‹ˆë‹¤~!!!!ë„ˆë¬´ë„ˆë¬´ ë”± í•„ìš”í•œ ì˜ìƒì´ì˜€ìŠ´ë  ã…Žã…Ž
62,  ì„¸ë…¸,ìž‡ì„­ë‹˜ë§ëŒ€ë¡œ í”„ë¡œëª¨ë¸ì€ ì ì–´ë„ ì •ë§ ì¬ë”ë³¼íŠ¸ê°€ ë„ìž…ë˜ê±°ë‚˜ ì•„ë‹ˆë©´ ì—ì–´ë“œëžì´ ì—„ì²­ ë¹¨ë¼ì§€ê±°ë‚˜ í•˜ëŠ”ê²Œ ì¤‘ìš”í•˜ê² ë„¤ìš”í”„ë¡œë ˆìŠ¤ë¥¼ ë³´ë‚¼ë•Œ ë§¥ì´ë‚˜ ì•„ì´íŒ¨ë“œë¡œ ë³´ë‚´ë ¤ë©´ ë„ˆë¬´ ì˜¤ëž˜ê±¸ë¦´ê±° ê°™ì•„ìš”ê·¸ë¦¬ê³  ë§Œì•½ëœë‹¤ë©´ ìµœê·¼ì— ë£¨ë§ˆí“¨ì „ì—ì„œ ì™¸ìž¥í•˜ë“œì—ì„œ ì˜ìƒì„ ë°”ë¡œ ìž‘ì—…í•  ìˆ˜ ìžˆëŠ”ê²ƒì²˜ëŸ¼ì•„ì´í°ë„ íŒ¨ë“œë‚˜ ë§¥ì— ì—°ê²°í•˜ë©´ ì™¸ìž¥í•˜ë“œì²˜ëŸ¼ ì¸ì‹í•´ì„œ ë”°ë¡œ í°ì—ì„œ ì˜®ê¸°ì§€ ì•Šê³  ë°”ë¡œ ìž‘ì—…í•  ìˆ˜ ìžˆê²Œë˜ë©´ ì¢‹ê² ëŠ”ë°..ì´ê²ƒë„ ë”ë¹ ë¥¸ ê·œê²©ì¸ Cíƒ€ìž…ì´ í•„ìš”í•´ ë³´ì´ë„¤ìš” ã…‹ã…‹ã…‹
63,  ê¹€ê²½ëª¨,15:20 ã…‹ã…‹ã…‹ã…‹ ì‹œì—ë¼ë¸”ë£¨ í”„ë¡œë§¥ìŠ¤ ì‚°ì‚¬ëžŒìœ¼ë¡œì¨ ê³µê°í•©ë‹ˆë‹¤ ì²˜ìŒì— ë‹¤ë¥¸ ë¦¬ë·°ë“¤ë³´ë©´ ìƒê°ë³´ë‹¤ ìƒ‰ì´ ë³„ë¡œë‹¤ ì¢€ ì• ë§¤í•˜ë‹¤ í•´ì„œ ì¢€ ì‹¤ë§ê°ì´ ìžˆì—ˆëŠ”ë° ì‹¤ë¬¼ì€ ë³´ë©´ ë³¼ìˆ˜ë¡ ì™€... ìƒ‰ ì§„ì§œ ìž˜ë½‘ì•˜ë„¤ ì‹¶ì–´ìš” ã…‹ã…‹ã…‹ ì´ë» ë³¼ë•Œë§ˆë‹¤ ì´ë» ì €ë„ 12í”„ë¡œë§¥ìŠ¤ë¡œ í¼ì‹œí”½ë¸”ë£¨ ì“°ë‹¤ ë„˜ì–´ì™”ëŠ”ë° í¼ì‹œí”½ë¸”ë£¨ë•ŒëŠ” ë­... íŠ¹ë³„í•˜ì§€ë„ì•Šê³  ê·¸ì €ê·¸ëž¬ëŠ”ë° ì´ë²ˆì—” ë„ˆë¬´ ë§Œì¡±
64,  ëƒ¥ëƒ¥,í™•ì‹¤í•œ ì°¨ì´ì— ì‹œì—ë¼ë¸”ë£¨ê°€ ë„ˆë¬´ ì˜ˆë»ì„œ í”„ë¡œë¡œ ê³¨ëžëŠ”ë° ìž‡ì„­ë‹˜ ì˜ìƒë³´ë‹ˆê¹Œ ë°”ê¿€ê¹Œ ê³ ë¯¼ì¤‘ì´ì—ìš”ã…œã…œã… ã… ìž‡ì„­ë‹˜ ì˜ìƒë§Œ ê¸°ë‹¤ë ¸ì–´ìš” ì˜¤ëŠ˜ë„ ê°ì‚¬í•©ë‹ˆë‹¹!
65,  Mint,ìž‡ì„­ë‹˜ ì´ë²ˆì— ì•„ì´í°13í”„ë¡œ ì“°ê³ ìžˆëŠ” ì‚¬ìš©ìžì¸ë° ë‹¤ë¤„ì£¼ì…¨ìœ¼ë©´ í•˜ëŠ” ë‚´ìš©ì´ ìžˆì–´ì„œ ëŒ“ê¸€ ë‚¨ê¹ë‹ˆë‹¤. ìœ í”ŒëŸ¬ìŠ¤ í†µì‹ ì‚¬ë¥¼ ì´ìš©í•˜ì—¬ ì•„ì´í°13í”„ë¡œë¥¼ ì‚¬ìš©í•˜ê³ ìžˆëŠ”ë° ë‹¤ìˆ˜ì˜ ìœ í”ŒëŸ¬ìŠ¤ ì´ìš©ìžë“¤ì´ í˜„ìž¬ í†µí™”ìˆ˜ì‹  ë¬¸ìžìˆ˜ì‹  ì–´í”Œì•Œë¦¼ë“±ì´ ì˜¤ì§€ ì•ŠëŠ” í˜„ìƒì´ ë§ŽìŠµë‹ˆë‹¤. ì•„ì´í° ì»¤ë®¤ë‹ˆí‹° ì•„ì‚¬ëª¨ì—ì„œ ì´ëŸ° í˜„ìƒì„ ê²ªëŠ” ì‚¬ëžŒë“¤ì´ ë§Žê³  í†µì‹ ì‚¬ì— ë¬¸ì˜ í•´ë³´ë‹ˆ ì²˜ìŒì—” ì•„ì´í° ë¬¸ì œë¼ê³  í•´ì„œ ì• í”Œì„œë¹„ìŠ¤ì„¼í„°ì— ê°€ë‹ˆ í†µì‹ ì‚¬ ë¬¸ì œë¼ê³  í•©ë‹ˆë‹¤. ê·¸ëž˜ì„œ í†µì‹ ì‚¬ì— ë‹¤ì‹œ ë¬¸ì˜ í•´ë„ ê°œí†µì² íšŒëŠ” 14ì¼ì´ ì§€ë‚˜ ê°€ëŠ¥í•˜ì§€ ì•Šê³  ê·¸ëƒ¥ ì‚¬ìš©í•˜ë¼ëŠ” ì•ˆë‚´ë§Œ í•©ë‹ˆë‹¤. ì—…ë¬´ì ì¸ ì „í™”ë„ ë°›ì§€ëª»í•˜ê³  í˜„ìž¬ í”¼í•´ë³´ëŠ” ì‚¬ëžŒì´ ë§Žì€ë° ì´ê²ƒì— ëŒ€í•´ í•œë²ˆ ë‹¤ë¤„ì£¼ì…¨ìœ¼ë©´ í•´ì„œ ë¶€íƒë“œë¦½ë‹ˆë‹¤.
66,  ë°•ìœ¤ë„,í¬~~ì—­ì‹œ ë¯¿ê³ ë³´ëŠ” ìž‡ì„­ë¦¬ë·°ðŸ‘ì§„ì§œ ê¹”ë”í•˜ë„¤ìš”ã…Žã…Žì•„ì´í° 13pro ë°°ì†¡ ê¸°ë‹¤ë¦¬ë©° ì˜ìƒ ìž˜ ë³´ê³ ê°‘ë‹ˆë‹·:)
67,  Jay Park,í”„ë¡œëª¨ì…˜ ë””ìŠ¤í”Œë ˆì´ í•˜ë‚˜ë§Œìœ¼ë¡œë„ ë„ˆë¬´ ë§Œì¡±ìŠ¤ëŸ½ìŠµë‹ˆë‹¤ X->13í”„ë¡œ ì‹œì—ë¼ ë¸”ë£¨ë¡œ ë„˜ì–´ê°”ëŠ”ë° í–‰ë³µí•´ìš” ã…Žã…Ž
68,  ë‹¤í¬ë ˆì´,ì•¼ê°„ì‚¬ì§„ ë§Žì´ ì°ëŠ”ë‹¤ë©´ 13í”„ë¡œë¥¼ ì„ íƒí•˜ëŠ”ê²Œ ë‚«êµ°ìš” 13ë„ ì¢‹ì§€ë§Œ ê¸°ì¡´ì— 11í”„ë¡œë‚˜ 12/12í”„ë¡œë¥¼ ì“°ì…¨ë˜ ë¶„ë“¤ì€ ë„˜ì–´ê°€ì§€ ì•ŠëŠ”ê²Œ ì¢‹ì„ê²ƒê°™ìŠµë‹ˆë‹¤
69,  hong kd,ìž‡ì„­ë‹˜! ë¡œì§€í…ì—ì„œ ìƒˆë¡œë‚˜ì˜¨ ë¬´ì„  í—¤ë“œì…‹ g435 êµ‰ìž¥ížˆ ê°€ë³ê³  ê°€ê²©ë„ ê´œì°®ì€ê²ƒ ê°™ì€ë° ìž‡ì„­ë‹˜ ì±„ë„ì—ì„œ ë¦¬ë·° ë³¼ ìˆ˜ ìžˆìœ¼ë©´ ì¢‹ê² ìŠµë‹ˆë‹¤!!
70,  ìš°ë¦¬í–„,120Hz ì£¼ì‚¬ìœ¨ í”„ë¡œëª¨ì…˜ ë•Œë¬¸ì—ë¼ë„ í”„ë¡œê°€ ë‹µìž…ë‹ˆë‹¤!60Hzëž‘ ì²´ê°ì°¨ì´ í¬ê³  ê²Œë‹¤ê°€ ê°€ë³€ì£¼ì‚¬ìœ¨ë¡œ ìµœì í™”ë˜ì–´ ë°°í„°ë¦¬ ê±±ì •ì•ˆí•´ë„ë©ë‹ˆë‹¤!ì¹´ë©”ë¼ë•Œë¬¸ì— í”„ë§¥ìƒ€ëŠ”ë°.. í”„ë¡œëª¨ì…˜ì— ë°˜í•´ë²„ë ¸ë„¤ìš”
71,  S. Woo,ë‹¤ë‹¤ìµëž¨ì€ ì• í”Œì‹¤ë¦¬ì½˜ì˜ ê²½ìš°ëŠ” í¬ê²Œ ì™€ë‹¿ì§€ ì•ŠìŒ.ì ì€ ë©”ëª¨ë¦¬ë¡œë„ ì¶©ë¶„ížˆ ê²½ìŸì‚¬ ëŒ€ë¹„ ë¶€ì¡±í•¨ì´ ì—†ëŠ” ê²Œ ì‚¬ì‹¤ì´ê³ .ì‚¬ì‹¤ ëª¨ë°”ì¼ì—ì„œëŠ” ëž¨ì„ ë§Žì´ ë„£ìœ¼ë©´ ë°°í„°ë¦¬ ì†Œëª¨ëŸ‰ë„ ëŠ˜ì–´ë‚˜ê¸° ë•Œë¬¸ì— ë°°í„°ë¦¬ ì‚¬ìš©ëŸ‰ì— ëª©ìˆ¨ì„ ê±¸ê³  ìžˆëŠ” ì• í”Œì˜ ì„ íƒ ì¤‘ í•˜ë‚˜ë¼ê³  ë´„.
72,  ìŠ¤ë§ˆíŠ¸HDR,"ë‚´ê°€ ì‚¶ì„ ì‚´ì•„ì˜¤ëŠ” ì´ìœ !  ì´ ìˆœê°„ì„ ìœ„í•´ ê¸°ë‹¤ë ¤ì™”ìŠµë‹ˆë‹¤ã…‹ã…‹ã…‹ã…‹ìž‡ì„­ë‹˜ ì˜ìƒì€ í•­ìƒ ê¹”ë”í•˜ê³ , ì´í•´í•˜ê¸° ì‰½ê²Œ ì„¤ëª…í•˜ì…”ì„œ ì¢‹ì€ ê²ƒ ê°™ì•„ìš”. ì•žìœ¼ë¡œë„ í™”ì´íŒ…ìž…ë‹ˆë‹¤!"
73,  ë”¸ê¸°ëŠ”ë§›ìžˆì–´,13í”„ë¡œë§¥ìŠ¤ 1í…Œë¼ ë¹„ì‹¸ë„ ê·¸ëƒ¥ ìƒ€ì§€ë§Œ ë°›ê³ ë‚˜ì„œ ë§¤ìš° ë§Œì¡±ì¢…ìž…ë‹ˆë‹¤. ê°¤ëŸ­ì‹œì—ì„œ ë„˜ì–´ì˜¨ê±´ë° ìƒê°ë³´ë‹¤ ê´œì°®ê³  ê·¸ëƒ¥ ì¢‹ë„¤ìš”.
74,  í•¨ì¤€ì‹,ì§„ì§œ ë¯¿ê³ ë³´ëŠ” ë¦¬ë·°ë§›ì§‘ã…Žã…Ž í•­ìƒ ë„ˆë¬´ ê¹”ë”í•´ì„œ ì˜¤ëŠ˜ë„ ê°íƒ„í•˜ê³ ê°‘ë‹ˆë‹¤
75,  gisu choe,ì™€ í˜•ë‹˜ ì§„ì§œ ì˜ìƒ ë””í…Œì¼ì´ ë„ˆë¬´ ì¢‹ì•„ìš” ~~ í•­ìƒ ìž˜ë³´ê³ ìžˆìŠµë‹ˆë‹¤ìœ íŠœë¸Œê°€ í•­ìƒ ì´ëŸ° ì˜ìƒë§Œ ë‚˜ì˜¤ë©´ ì¢‹ê² ë‹¤
76,  U,í˜•ë‹˜ ì§„ì§œ ê³ ë¯¼ì¤‘ì¸ë° ì˜ìƒë„ˆë¬´ ìœ ìµí•©ë‹ˆë‹¤. ê¶ê¸ˆí•œê²Œ ì‚¬ì „ë“±ë¡ìœ¼ë¡œ ì‚¬ë©´ ì •ì‹ì¶œì‹œë•Œ ë¹„í•´ì„œ ë¬´ìŠ¨ ìž¥ì ì´ ìžˆë‚˜ ê¶ê¸ˆí•©ë‹ˆë‹¤. ë¹¨ë¦¬ë°›ëŠ”ë‹¤ëŠ”ê±° ê·¸ê²Œ ëì¸ê±´ê°€ìš©?
77,  ìµœìŠ¹í›ˆ,íŒ”ë¦°ê±°ë„ íŒ”ë¦°ê±°ì§€ë§Œ ë°˜ë„ì²´ ìˆ˜ê¸‰ ë¬¸ì œ ë•Œë¬¸ì— ë¬¼ëŸ‰ì´ ë¶€ì¡±í•œê±°ë¡œ ì•Œê³  ìžˆìŠµë‹ˆë‹¤:)
78,  KDC,í”„ë¡œì™€ í”„ë¡œë§¥ìŠ¤ ë¹„êµë„ ë¶€íƒë“œë ¤ìš” ã…Žã…Ž
79,  ì´íŠœë¸Œ,12í”„ë¡œëž‘ 13 ì¹´ë©”ë¼ ì°¨ì´ë„ ê¶ê¸ˆí•˜ë„¤ìš”!!
80,  ëµëµëµ,13í”„ë¡œ ì´í‹€ë™ì•ˆ ë„ˆë¬´ ë§Œì¡±í•˜ë©´ì„œ ì‚¬ìš©ì¤‘ì´ì—ˆëŠ”ë° ë°˜ê°€ìš´ ì˜ìƒì´ë„¤ìš” ìž¬ë°Œê²Œ ë´¤ì–´ìš” ã…Žã…Ž
81,  ì‘ì• ,"ë§¤ë…„ ìƒˆ ì•„ì´í°ìœ¼ë¡œ êµì²´í•˜ê³  ìžˆëŠ” ì•±ë“±ì´ì§€ë§Œ, ì†”ì§ížˆ 120ì£¼ì‚¬ìœ¨, ë°°í„°ë¦¬ì„±ëŠ¥, í™”ë©´í¬ê¸° ì´ê±° ì„¸ê°œë§Œìœ¼ë¡œ ì•„ì´í°13í”„ë¡œë§¥ìŠ¤ êµ¬ë§¤í–ˆìŒ.   ê·¸ë ‡ì§€ë§Œ ë‚´ë…„ ì•„ì´í°14 ì¼ë°˜ ëª¨ë¸ì—ë„ 120ì£¼ì‚¬ìœ¨ì´ ë“¤ì–´ê°€ê³  ë…¸ì¹˜ë„ ì¢€ ë” ê°œì„ ëœë‹¤ë©´ ì¼ë°˜ ì‚¬ìš©ìžë¡œì„œ ìž‡ì„­ë‹˜ ë§ì”€ì²˜ëŸ¼ ë” ì´ìƒ PROë¥¼ êµ¬ë§¤í•  ì´ìœ ëŠ” ì—†ì–´ë³´ìž„.  í™”ë©´ í°ê±° ì¢‹ì•„í•˜ëŠ” ì‚¬ëžŒì´ë¼ë©´ ë§¥ìŠ¤ë¥¼ ì“°ê² ì§€ë§Œ,  ì´ë¯¸ ì•„ì´íŒ¨ë“œë„ ìžˆìœ¼ë‹ˆ 14ë¶€í„° ëª¨ë“  ì‹œë¦¬ì¦ˆ 120ì£¼ì‚¬ìœ¨ì ìš©ê³¼ ë…¸ì¹˜ë””ìžì¸ì˜ í˜ì‹ ì ì¸ ë³€í™”ê°€ ìžˆë‹¤ë©´ ì´ì œëŠ” í”„ë¡œê°€ ì•„ë‹Œ ì¼ë°˜ëª¨ë¸ì´ëž‘ ê²¸í•´ì„œ ì“°ê¸´ ê´œì°®ì„ ë“¯ ì‹¶ìŒ."
82,  ë³´ê²½ãƒœã‚®ãƒ§ãƒ³,ì‹œì—ë¼ë¸”ë£¨ë„ ì˜ˆì˜ì§€ë§Œ í”„ë¡œì˜ ì„±ëŠ¥ìœ¼ë¡œ ëœ ë¡œì¦ˆê³¨ë“œ ë‚˜ì™”ìŒ ì¢‹ê² ë‹¤ã…œã…œ
83,  ì„œì •ì›,ì•„ì´í° xrì“°ë‹¤ê°€ 12 65ê¸°ê°€ì“°ë‹¤ê°€ ì´ë²ˆì— ì•„ì´í°13í”„ë¡œ128ê¸°ê°€ë¡œ ë°”ê¿¨ëŠ”ë° ì‚¬ì§„ì°ëŠ”ê±¸ ì¢‹ì•„í•˜ëŠ”ì €ë¡œì„œëŠ” êµ‰ìž¥ížˆ ë§Œì¡±í•©ë‹ˆë‹¤^_^ ì—­ì‹œ í”„ë¡œê°€ì¢‹ê¸´ì¢‹ë„¤ìš”
84,  Aaron Ko,ì†”ì§ížˆ ì´ë²ˆì—” í”„ë¡œ ì‹¬ížˆ ê³ ë¯¼í•´ì•¼ ë  ê²ƒ ê°™ìŒì´ë¯¸ ì¼ë°˜ì¸ ìž…ìž¥ì—ì„œëŠ” 13ì´ë‚˜ 13 í”„ë¡œë‚˜ ì„±ëŠ¥ì´ ê³ ë§Œê³ ë§Œí•˜ê³  ì“¸ë§Œí•œë°ë‹¤ê°€ê²°ì •ì ìœ¼ë¡œ ì¹´íˆ­íŠ€ê°€ ë„ˆë¬´ ì‹¬í•˜ê³  ë¬´ê²Œê°€ ë„ˆë¬´ ë¬´ê±°ì›€..
85,  Suhwan Kim,"ëª¨ë“  í…Œí¬ ìœ íŠœë²„ë¥¼ ì‹œì²­í•˜ëŠ”ê±´ ì•„ë‹ˆì§€ë§Œ, ì œê°€ ë³¸ ëŒ€ë¶€ë¶„ì˜ ë¶„ë“¤ì€ í”„ë¡œë¥¼ ì¶”ì²œí•˜ëŠ”ë°, ì œê°€ ìœ ì¼í•˜ê²Œ êµ¬ë…í•œ ìž‡ì„­ë‹˜ì´ ì¼ë°˜ì„ ì¶”ì²œí•˜ì‹œë‹ˆ í˜¼ë™ë˜ë„¤ìš”.ì•„ì´í°7ì´í›„ í°ì„ ì˜¤ëžœë§Œì— ë°”ê¾¸ëŠ”ê±°ë¼...ì‚¬ì‹¤ ì•¡ì •ë§Œ ì•ˆë‚˜ê°”ìŒ 1ë…„ ë” ê¸°ë‹¤ë¦¬ê³  ì‹¶ì„ì •ë„ë¡œ ì €ë„ 13ì‹œë¦¬ì¦ˆì—” ì•ˆëŒë¦¬ëŠ” ì‚¬ëžŒì´ë¼.."
86,  í•˜ë”°ëšœì´,"ì¼ë ‰íŠ¸ë¡œë§ˆíŠ¸ì—ì„œ í”„ë¡œë³´ê³  ê·¸ìžë¦¬ì—ì„œ ì§ˆë €ì–´ìš”,, ì¹´ë©”ë¼ë•Œë¬¸ì— xsì—ì„œ ë¯¸ë ¨ì—†ì´ ã…Žã…Žã…Žã…Žã…Ž í™”ë©´ë„˜ì–´ê°€ëŠ”ê²ƒë„ ìŠ¤ë¬´ìŠ¤í•˜ê³  ì¹´ë©”ë¼í™”ì§ˆë„ ë¯¸ì³¤,, ðŸ¤¤ ë¸”ë£¨ ê´€ì‹¬ì—†ì—ˆëŠ”ë° ì‹¤ë¬¼ ë¯¸ì³¤,,"
87,  mi-sun Heo,ì§„ì§œ 13í• ì§€ proí• ì§€ ê³ ë¯¼ì´ì—ˆëŠ”ë° ë”± ê²°ì •í•˜ê²Œ í•´ì£¼ì‹œë„¤ìš”! ëª…ì¾Œí•´ì„œ ê³ ë§ˆì›Œìš”~
88,  ardor_coco,ì•ˆíŒ”ë¦´ì¤„ ì•Œì•˜ëŠ”ë° íŒ”ë¦¬ëŠ” ì´ìœ ëŠ” 7ì„ ì“°ê³ ìžˆëŠ” ë‚˜ê°™ì€ ì‚¬ëžŒì€ 13ë§Œì„ ê¸°ë‹¤ë ¤ì™”ê¸° ë•Œë¬¸..
89,  Lì´ìŠ¤,ë§Žì€ ì‚¬ëžŒë“¤ì´ 13ì´ëž‘ 13í”„ë¡œë¥¼ ê³ ë¯¼í•˜ëŠ”ê²Œ ì•„ë‹ˆë¼ í”„ë¡œëž‘ í”„ë¡œë§¥ìŠ¤ë¥¼ ê³ ë¯¼í•˜ëŠ”ê±° ê°™ì•„ìš” ã…Žã…Ž
90,  cm,"ê·¸ëƒ¥ ê°€ë²¼ìš´ê±° ì„ í˜¸í•˜ê³  í° ì¹´ë©”ë¼ ê±°ìŠ¬ë¦¬ë©´ 13, ë¬´ê±°ì›Œë„ ìƒê´€ì—†ê³  ì¹´ë©”ë¼ í° ê²ƒë„ ì•ˆ ê±°ìŠ¬ë¦¬ë©´ 13 pro ì‚¬ëŠ” ê²Œ ë§žëŠ” ë“¯"
91,  sangmin lee,ë°°í„°ë¦¬ ë¹¨ë¦¬ ë‹³ë”ë¼ë„ ê°€ë³€ë§ê³  ìƒì‹œ 120hzì§€ì›í•˜ëŠ” ëª¨ë“œ í•˜ë‚˜ ë„£ì–´ì¤¬ìœ¼ë©´ ì¢‹ì•˜ì„ê±¸..
92,  JY J,ì•„ì´í°13ì´ ì•„ì´í°13í”„ë¡œë³´ë‹¤ ë°°í„°ë¦¬ ìš©ëŸ‰ì´ ì¡°ê¸ˆ ë” í¬ë„¤ìš”.ë¹„ì‹¸ê³  ë¬´ê±°ìš´ í”„ë¡œëª¨ë¸ì´ ë°°í„°ë¦¬ê°€ ë” í¬ê² ì§€ ìƒê°í–ˆëŠ”ë° ì˜ì™¸ì¸ ë¶€ë¶„..
93,  ë¦¬ë¦¬ë¦¬,"ì§„ì§œ,, 13 ìž˜ ë‚˜ì™”ì£ ,, 12 ìž˜ ë‚˜ì™”ì£ ,, ì´ì˜ì£ ,,, ê·¼ë° pro ëª¨ë¸ë³´ë©´ ì €ë ´í•´ì§€ëŠ” ëŠë‚Œ... ë„ˆë¬´ ì‹ ê¸°í•´ìš” ã…‹ã…‹13 - ì´ì˜ë‹¤13pro - ê³ ê¸‰ì§€ë‹¤ì‚¬ìš©í•˜ë‹¤ë³´ë©´ ì´ìœê±°ë³´ë‹¤ ê³ ê¸‰ì§„ê±¸ ì›í•˜ê²Œ ë˜ëŠ”ë° ì •ë§ ì• í”Œì˜ ìž¥ë‚œì§ˆì´ëž€..ã…‹ã…‹"
94,  GH C,ë‘˜ ë‹¤ ì‚´ ìƒê°ì€ ì—†ì§€ë§Œ ìž‡ì„­í˜• ì˜ìƒì´ ìž¬ë°Œì–´ì„œ ê³„ì† ë³´ê²Œë˜ë„¤...
95,  : D,"ì•„ì´í° 6ì“°ë©´ì„œ ì¡´ë²„ í–ˆëŠ”ë° ì§„ì§œ ì•„ì´í°6ì‚´ë•Œë„ ê·¸ëž¬ì§€ë§Œ, ë”±ë§ˆìŒì— ë“œëŠ”ê±° ì—†ì´ ì–´ì©” ìˆ˜ ì—†ì´ êµ¬ë§¤í•˜ê³  ë§ˆìŒì— ë“œëŠ”ê±´ ì£½ì–´ë„ ì•ˆë‚˜ì˜¨ë‹¤ëŠ”ê±°.. ì „ìžê¸°ê¸°ëŠ” ì¡´ë²„í•˜ëŠ”ê²Œ ì•„ë‹Œë“¯ ã…‹ã…‹ã…‹ì—¬ëŸ¬êµ°ëŒ€ ì˜ìƒë³´ë©´ì„œ ì•„ì´í° ëžœì¦ˆ ê³„ì†ë³´ë‹¤ë³´ë‹ˆê¹Œ í™˜ê³µí¬ì¦ê±¸ë¦´ê±°ê°™ë‹¤.."
96,  titanium mental,ì—­ì‹œ ì¸íŠ¸ë¡œë§›ì§‘ã…‹ã…‹ã…‹ê¸€ê³  ì†”ì§ížˆ ì´ë²ˆ ì•„ì´í° ë¬¼ëŸ‰ë¶€ì¡±ì˜ ì›ì¸ì€ ì¤‘êµ­ë‚´ë¶€ ê¸°ìƒê³¼ ì „ë ¥ë¬¸ì œë¡œ ì¸í•œ ê³µê¸‰ë¶€ì¡±ë•Œë¬¸ìž…ë‹ˆë‹¤.
97,  ê°œêµ¬ë¦¬,ë°˜ëŒ€ë¡œ íŒ¨ë“œí”„ë¡œë¥¼ ì“°ëŠ”ê²½ìš°ì—ëŠ” í°ì˜ 60hzê°€ ìƒê°ë³´ë‹¤ ì•ˆê±°ìŠ¬ë¦¬ëŠ”ë“¯.. ì‹œì¦ˆëª¨ë“œ ë°•ê³  ì“¸ë•ŒëŠ” íŒ¨ë“œì“°ë©´ ë˜ê³  ë°–ì—ì„œ ì“°ëŠ”ë° ë¬´ê²Œë¥¼ ê°ìˆ˜í•˜ë©´ì„œê¹Œì§€ 120hzê°€ êµ³ì´ í•„ìš”í• ì¼ë„ ë³„ë¡œ ì—†ê³  ì‹œì²­ê±°ë¦¬ëŒ€ë¹„í•´ì„œ íŒ¨ë“œ 60hzê°€ ëˆˆì— ë” ê±°ìŠ¬ë¦¬ëŠ”ëŠë‚Œ ã…‹ã…‹
98,  zszs go,ì§„ì‹¬ xsë§¥ìŠ¤ ì“°ë‹¤ê°€ 13í”„ë¡œ ë¸”ëž™ ìƒ‰ìƒ ìƒ€ëŠ”ë° ë„ˆë¬´ ì´ì˜ê³  ë§¥ìŠ¤ì“°ë‹¤ê°€ ë³´ë‹ˆê¹ ì—„ì²­ ê°€ë²¼ì›Œìš”ã…  ì‹œì—ë¼ë¸”ë£¨ë„ ì—„ì²­ ì´ì˜ë„¤ìš”ðŸ¥º
99,  Sae Rom Lee,ã…‹ã…‹ã…‹ã…‹ã…‹ã…‹ ì²˜ìŒ ì¹´ë©”ë¼ ë³´ê³  ì§„ì§œ í¬ë‹¤ í•œê±° ì™œì´ë¦¬ ê³µê°ì´ì£  ì €ë„ xsì˜€ë‹¤ê°€ 13í”„ë¡œ ê°ˆì•„íƒ”ëŠ”ë° ì¹´ë©”ë¼ëŠ” ì§„ì§œ ë§Œì¡±ì¤‘ìž…ë‹ˆë‹¤ :)ì‹œì—ë¼ë¸”ë£¨ ì¸ê¸° ë§Žë‹¤ê³  í•´ì„œ ë¸”ëž™ í–ˆëŠ”ë° ìƒ‰ìƒì€ ì¢‹ì•„í•˜ëŠ”ë°ë¡œ í•˜ë©´ ë ê±° ê°™ì•„ìš” :)
100,  ì‰¿í˜¸ì˜¤ì˜¬ë¦¬,"ìž‡ì„­ë‹˜~ ì˜ìƒ í•­ìƒ ìž˜ë³´ê³  ìžˆìŠµë‹ˆë‹¤. ì œê°€ ì´ë²ˆì— 13ë¯¸ë‹ˆë¥¼ êµ¬ìž…í–ˆëŠ”ë°, ì´ê²ƒê³¼ ì¡°í•©í•  í…Œë¸”ë¦¿ì´ ë¯¸ë‹ˆ6ì´ ì¢‹ì„ì§€ ì—ì–´4ê°€ ì¢‹ì„ì§€ ì¶”ì²œì¢€ í•´ì£¼ì„¸ìš”.ã…Žã…Žã…Ž ì£¼ë¡œ ê·¸ëƒ¥ ì¹´íŽ˜ë‚˜ ì¹¨ëŒ€ì—ì„œ ê°€ì§€ê³  ì›¹ì„œí•‘/ì˜ìƒ/ebook ì •ë„ë¡œ ê°€ì§€ê³  ë…¸ëŠ” ìš©ë„ìž…ë‹ˆë‹¤. ì»¨í…ì¸ ìƒì‚°ì´ë‚˜ ê²Œìž„ì€ í•˜ì§€ ì•ŠìŠµë‹ˆë‹¤."
101,  ì´ì•ˆ,ê²°êµ­ 12 ì‹œë¦¬ì¦ˆ ì“°ê³  ìžˆëŠ” ì‚¬ëžŒì€ êµ³ì´ 13ìœ¼ë¡œ ê°ˆì•„ íƒˆ í•„ìš”ê°€ ì—†ë‹¤ëŠ” ê±°êµ° 12 Proì— ë§Œì¡±í•˜ê² ìë‹ˆë‹¤
102,  ì„œì—ë¦­,13ê³¼ 13í”„ë¡œì—ì„œ ì‹¤ì‚¬ìš©ì— ì²´ê°ë˜ëŠ” ê²°ì •ì ì¸ ì°¨ì´ëŠ” ë°”ë¡œ 120hzì£  ì €ë„ ì´ê±° í•˜ë‚˜ ë•Œë¬¸ì—  ì´ë²ˆì— 13í”„ë¡œ ì‚¬ì„œ ì“°ê³ ìžˆìŠµë‹ˆë‹¤ ì•žìœ¼ë¡œ ì¶œì‹œë  ì•„ì´í° ì¼ë°˜ëª¨ë¸ì— ë§Œì•½ 120hzê°€ ìž¥ì°©ëœë‹¤ë©´ ì „ êµ³ì´ í”„ë¡œëŠ” ì•ˆì‚´ê±° ê°™ë„¤ìš”
103,  jaegon kim,ì˜ˆë¦¬í•œ ë¹„êµë¶„ì„ ê°ì‚¬í•©ë‹ˆë‹¤~!!
104,  ì œë¯¸í‚¤ë‘,ìž‡ì„­ë‹˜ ìƒê°ì—ëŠ” 14ê°€ ì¶œì‹œí• ë•Œë„ ì¼ë°˜ëª¨ë¸ì€ í”„ë¡œëª¨ì…˜ ë””ìŠ¤í”Œë ˆì´ë¥¼ ì§€ì› ì•ˆí•  ê²ƒ ê°™ë‹¤ê³  ìƒê°í•˜ì‹œëŠ”ì§€ ê¶ê¸ˆí•©ë‹ˆë‹¤
105,  ì´ìŠ¹í˜„,"7í”ŒëŸ¬ìŠ¤ ì¤‘ê³ ë¡œ ë°›ì•„ ì“°ë‹¤ê°€ ë“œëŽŒ 13 êµ¬ë§¤í–ˆëŠ”ë°!! ê²ë‚˜ ì¢‹ìŠµë‹ˆë‹¤ 13 ì™„ì „ ì¶”ì²œí•´ìš” í™”ì§ˆ, ë°°í„°ë¦¬ ðŸ‘ðŸ» íŠ¹ížˆ ë°°í„°ë¦¬ ìµœê³ "
106,  ê¹€ì„±í™˜,ì• í”Œìœ ì €ëŠ” ì•„ë‹ˆì§€ë§Œ ì°¸ê³ í•˜ê¸°ì—ëŠ” ì •ë§ ì¢‹ì€ ì˜ìƒì¸ê±° ê°™ìŠµë‹ˆë‹¤
107,  ìµœì§€ì¸,13í”„ë¡œë¥¼ ì„ íƒí•œ ì´ìœ ëŠ” í•œê°€ì§€.. ì‹œì—ë¼ë¸”ë£¨ ìƒ‰ìƒì´ ê°œì¸ì ìœ¼ë¡œ ë„ˆë¬´ ì œ ì·¨í–¥
108,  ë©€ê¼¬ë¼ë³´ë‹ˆ,ì—­ì‹œ í˜• ì˜ìƒë³´ë©´ ë‹µì´ë‚˜ì˜¤ì§€! í•­ìƒ ìž˜ ë³´ê³ ìžˆìŠµë‹ˆë‹¤! ì§„ì§œ ì‹œì—ë¼ë¸”ë£¨ ë„ˆë¬´ ì´ìœë“¯ìš” ì‹¤ì œë¡œ ë³´ê³  ë°˜í•´ì„œ 12pro ì‚¬ìš©ì¤‘ì´ì§€ë§Œ 13pro ì‹ ì²­í•´ë²„ë ·ìœ¼ã… 
109,  í•˜ì´ë¸Œ,ì¹´ë©”ë¼ì˜ í¬ê¸°ë§Œì„ ë†“ê³  ë‹¨ìˆœížˆ ë³¸ë‹¤ë©´ì—…ê·¸ë ˆì´ë“œëœ ë” ë‘êº¼ìš´ ì¸ë•ì…˜ì´ ìƒê²¼êµ°ìš”..
110,  ìœ ìœ ,ë°©ê¸ˆ ìž‡ì„­ë‹˜ ì˜ìƒë³´ë©´ì„œ ë“  ìƒê°ì¸ë° ë‹¤ìŒ ì•„ì´í° 14ì—ì„œ proê¸‰ë¶€í„° cíƒ€ìž…ì„ ì§€ì›í• ê²ƒ ê°™ë‹¤ëŠ” ìƒê°ì´ ìŽ„í•˜ê²Œ ë“­ë‹ˆë‹¤...
111,  ë¦¬ë·°ë‚¨ ë…¸ì¹˜,"í”„ë¡œëª¨ë¸ êµ¬ìž…í•´ì„œ ë„ˆë¬´ ìž˜ ì‚¬ìš©í•˜ê³  ìžˆìŠµë‹ˆë‹¤. ì¹´ë©”ë¼ë„ ì •ë§ ë§Œì¡±ìŠ¤ëŸ½ê³ , 120Hz í¬í~ ì•„ì‹¸ë¼ë¹„ì•„ ìž…ë‹ˆë‹¤. ë°°í„°ë¦¬ë„ ì˜¤ëž˜ê°€ì„œ ì¶©ì „ìŠ¤íŠ¸ë ˆìŠ¤ì—ì„œ í•´ë°©ë˜ì—ˆë„¤ìš”. ã…‹"
112,  Elisyn Park,ì €ëŠ” ì¼ë°˜ ìœ ì €ì¸ë° ìš•ì‹¬ì— ì•„ì´í°12 í”„ë¡œë§¥ìŠ¤ 512Gë¥¼ ìƒ€ë‹¤ê°€ ë¬´ê²Œ ë•Œë¬¸ì— ì‹¬ê°í•˜ê²Œ í›„íšŒí•œ ì ì´ ìžˆìŠµë‹ˆë‹¤... ê²°êµ­ ì†ëª©ì— í†µì¦ì´ ì™€ì„œ ë‹¤ë¥¸ í°ìœ¼ë¡œ ë°”ê¿¨êµ¬ìš”. ê¼­ ì‹¬ì‚¬ìˆ™ê³ í•´ì„œ ë³¸ì¸ì—ê²Œ ë§žëŠ” ì‹œë¦¬ì¦ˆë¡œ ì‚¬ì‹œê¸¸... ê¸°ëŠ¥ì´ ì¢‹ì•„ë„ ë³¸ì¸ì´ ì•ˆ ì“°ë©´ ëˆ ë” ì“°ëŠ” ì˜ë¯¸ê°€ ì—†ìŠµë‹ˆë‹¤ ã… ã…  ì €ëŠ” ì¹´ë©”ë¼ë„ ìž˜ ì•ˆì“°ëŠ”ë° ì œê°€ ì™œ ê·¸ëž¬ì—ˆëŠ”ì§€...ã…Žã…Ž;;
113,  ë¯¼ì§€minji,ì˜ìƒ ë³´ë‹ˆê¹ í”„ë¡œ ë„ˆë¬´ ì‚¬ê³  ì‹¶ì€ë°ì´ë¯¸ í•‘í¬ì— ë¹ ì ¸ë²„ë ¸ê³ ì¼€ì´ìŠ¤ëž‘ ì•…ì„¸ì‚¬ë¦¬ê¹Œì§€ ë¯¸ë¦¬ êµ¬ìž…í•´ë²„ë ¤ì„œâ€¦.ðŸ¤£ê·¼ë° í”„ë¡œ ë„˜ ê°–ê³  ì‹¶ë„¤ìš”ðŸ¥²11í”„ë¡œë³´ë‹¨ 13ì´ ë‚¬ê² ì£ ðŸ¤£ðŸ¤£
114,  ë¡œì»¬ì²´í—˜ ì„±ìˆ˜ì–Œ(SeongSooYam) V-LOGER,ì—­ì‹œ ì• í”Œì˜ ë¯¸ë¬˜í•œ ê¸‰ë‚˜ëˆ„ê¸°ë¥¼ í¬ì°©í•˜ì‹  ìž‡ì„­í˜•!
115,  ë¶í•œì‚°ìœ¡ê°ì´,"6:19ê°¤ëŸ­ì‹œì—ì„œ ì•„ì´í°ìœ¼ë¡œ ë„˜ì–´ì™”ëŠ”ë° ê°€ë³€ ì£¼ì‚¬ìœ¨ í•œë²ˆ ë³´ê³  ì‹¶ì–´ì„œ ìœ„, ì•„ëž˜ë¡œ ë„˜ê¸°ë‹¤ê°€ ëš ëš ëŠê¸°ëŠ” ìˆœê°„ì´ ìžˆì–´ì„œ ë°”ë¡œ ìž‡ì„­ë‹˜ ì±„ë„ë¡œ í™•ì¸í•˜ëŸ¬ ì™”ì–´ìš”. ì•„ì§ ìµœì í™”ê°€ ë” í•„ìš”í•œê°€ ë³´ë„¤ìš”.í•­ìƒ ìœ ìµí•œ ì˜ìƒ ê°ì‚¬í•©ë‹ˆë‹¤."
116,  ë¼ëžŒì´,ë‘˜ ë‹¤ ê°–ê³ ì‹¶ë‹¹.. ìƒ‰ìƒ ë„˜ë‚˜ ì´ìœê²ƒâ£ï¸
117,  kj h,ì§€ê¸ˆ í•´ì™¸ì—ì„œ í° ìžƒì–´ë²„ë ¤ì„œ ì•„ì´í° ë§¤ìž¥ ë³´ê³  ì™”ëŠ”ë° ì§„ì§œ ì•„ì´í° 13ì€ ì‹¤ë¬¼ì„ ë´ì•¼ í•¨. ì˜ìƒìœ¼ë¡œ ë´¤ì„ë•Œëž‘ ì‹¤ë¬¼ë¡œ ë´¤ì„ë•Œ ì²œì§€ ì°¨ì´... ê°¤ëŸ­ì‹œ s ì‚¬ë ¤ë‹¤ ì•„ì´í° 13 ì‹¤ë¬¼ ë³´ê³  ì•„ì´í°ìª½ìœ¼ë¡œ ë§ˆìŒ ê¸°ìš¸ì–´ì§....
118,  KxxSubni,xs maxì—ì„œ ì‹œë¸” 13í”„ë¡œë§¥ìŠ¤ë¡œ ê°”ëŠ”ë° ì°¨ì´ê°€ ì–´ë§ˆë¬´ì‹œí•˜ë„¤ìš”
119,  ë™ë™,ìž‡ì„­ë‹˜ ê¶ê¸ˆí•œê²ŒìžˆëŠ”ë° í”„ë¡œ ì‹œë¦¬ì¦ˆëŠ” 256ê¸°ê°€ëž„ 128ê¸°ê°€ëž‘ ë‹¤ë¥´ë‹¤ê³ í•˜ëŠ”ë° ë­” ì°¨ì´ì¸ê°€ìš”?? ìš©ëŸ‰ì°¨ì´ë§ê³  4k?? ì´ê²Œìžˆë˜ë° ì–´ë ¤ì›Œì„œ ì—¬ì­¤ë´…ë‹ˆë‹¤
120,  ë°€í‚¤ì›¨ì´,ì• í”Œì´ ë¬˜í•˜ê²Œ 120Hz ë””ìŠ¤í”Œë ˆì´ ê°™ì€ ê±¸ë¡œ ìˆ˜ë¥¼ ìž˜ ë’€ë‹¨ ë§ì´ì£ ...
121,  RM UCLV14,ì„±ëŠ¥ ì¹´ë©”ë¼ í¬ê²Œ ìƒê´€í•˜ì§€ ì•ŠëŠ”ë‹¤ëŠ”ê±¸ ì•Œë©´ì„œë„ 120hz ë•Œë¬¸ì— í”„ë¡œê°€ ëŒë¦°ë‹¤..
122,  ì‚¬íšŒì•…íŽ˜ë¯¸ë“¤,"ë²Œì¨ë¶€í„° ì´ëŸ¬ë©´ ì•ˆë˜ì§€ë§Œ 14ì— ë˜ ê¸°ëŒ€ë¥¼ ê±¸ê³  ìžˆì–´ìš”.. 12,13ì€ ìŒ....ë„ˆë¬´ ìž¬íƒ• ëŠë‚Œì´ëž„ê¹Œìš”ê·¸ëž˜ë„ ì•±ë“±ì´ë¼ ê·¸ëŸ°ì§€ ì‚¬ê¸´ ì‚¬ê³ ì‹¶ë„¤ìš”..."
123,  Crisper9,ì‚¬ì „ì˜ˆì•½ ë³´ë©´ í™•ì‹¤ížˆ 13í”„ë¡œê°€ ì¸ê¸°ìžˆëŠ”ë“¯
124,  Heavy_Grips.Korea.manage,ì¢€ ëœ¬ê¸ˆì—†ëŠ” ì§ˆë¬¸ì´ê¸´ í•œë° ì„±ëŠ¥ì´ë‚˜ ì „ì²´ì ì¸ ë¶€ë¶„ì—ì„œ  ë§¥ë¶ í”„ë¡œ 2018 í„°ì¹˜ë°” ëª¨ë¸ì´ ë” ì¢‹ì•„ìš” ì•„ë‹ˆë©´ ë§¥ë¶ ì—ì–´ m1ì´ ì¢‹ì•„ìš”??
125,  JL Hong,êµ‰ìž¥ížˆ ë””í…Œì¼ í•˜ì‹œë‹¤~~ ê³ í€„ ì •ë³´ ê°ì‚¬í•©ë‹ˆë‹¤~^^
126,  Pong!,ìž‡ì„­ ë¦¬ë·°ëŠ” ì§„ì§œ ì „ë¬¸ì„±ì´ ëŠê»´ì§„ë‹¤... í”„ë¡œê°™ìŒ...
127,  SeungHyun Ryu,12ë¯¸ë‹ˆ ì¼ì—ˆëŠ”ë° ìƒê°ë³´ë‹¤ ë” ìž‘ì•˜ì–´ì„œ ì´ë²ˆì— í”„ë¡œë¡œ ê°ˆì•„íƒ”ì–´ìš” ì „ ë§Œì¡±í•©ë‹ˆë‹¤ ã…‹ã…‹ã…‹ í˜¹ì‹œ í”„ë¡œëª¨ì…˜ ë””ìŠ¤í”Œë ˆì´ ì§€ì›í•˜ëŠ” íŒ¨ë“œ ê¸°ì¢…ì€ ì–´ë–¤ê²Œ ìžˆì„ê¹Œìš”?
128,  ìš°ê¸°ì„¸ìƒ,ì „ 13í”„ë¡œ ì‚¬ìš©í•´ ë³´ë‹ˆê¹Œ í”„ë¡œëª¨ì…˜ ê¸°ëŠ¥ ë°”ë¡œ ëŠê»´ì§€ë˜ê±¸ìš” 12í”„ë¡œ ë³´ë‹¤ ë¶€ë“œëŸ½ê³  íƒ€ìžê¹Œì§€ ìž˜ ì³ì§€ëŠ” ì²´ê° ìž…ë‹ˆë‹¤
129,  ã…‡ã…‡,"ì™€ ì‹œì—ë¼ë¸”ë£¨ ì§„ì§œ ì˜ˆì˜ë‹¹... í™•ì‹¤ížˆ ì•„ì´í°ì€ ë§ˆê°ì´ëž‘ í›„ë©´ ë””ìžì¸ì€ ìµœê³ ë„¤ìš”. ì´ì œ ë…¸ì¹˜ ê°–ë‹¤ ë²„ë¦¬ê³ , ë² ì ¤ ì¤„ì´ê³ , ì§€ë¬¸ì¸ì‹ ì§€ì›í•˜ê³ , ì• í”ŒíŽ˜ì´ ë„ìž…ì— ê´´ëž„í•œ ì¹´ë©”ë¼ ë Œì¦ˆ í¬ê¸°ë§Œ ì–´ë–»ê²Œ ì¢€ ì¤„ì—¬ì£¼ë©´ ë¬´ì¡°ê±´ ê°¤ëŸ­ì‹œì—ì„œ ì•„ì´í°ìœ¼ë¡œ ê°ˆì•„íƒ„ë‹¤"
130,  isquare ikim,ê¶ê¸ˆí–ˆë˜ë‚´ìš© ìžì„¸ížˆ ì„¤ëª…í•´ ì£¼ì…”ì„œ ê°ì‚¬í•©ë‹ˆë‹¤. ì˜ìƒ ìž˜ ë´¤ìŠµë‹ˆë‹¤.
131,  Tae hyeon O,"120hz ë•Œë¬¸ì— í”„ë¡œì‚¬ì„œ ì‚¬ìš©ì¤‘ì¸ë°, ì„ íƒ ìž˜ í•œê±°ê°™ì•„ìš” í™”ë©´ì´ ì •ë§ ë¶€ë“œëŸ½ë‹¤ê³  ëŠê»´ì§ˆì •ë„ë¡œ ì¢‹ìŠµë‹ˆë‹¤"
132,  Justin Ohn,ì‚¼ì„±ë„ ì½”ëž„ ë¸”ë£¨ ìƒ‰ìƒ ìž¬ì¶œì‹œí•˜ë©´ ë ˆì „ë“œì¼í…ë° ã„·ã„·
133,  ìž¥ëŒ€ì–‘ë´‰,ê¸°ì¡´ ê°–ê³  ìžˆë˜ ë§¥ì„¸ì´í”„ ì œí’ˆ ì˜ˆë¥¼ ë“¤ë©´ ê·¸ë¦½í†¡. ê±°ì¹˜í˜• ì¶©ì „ê¸° ë“±ì„ ê·¸ëŒ€ë¡œ ì‚¬ìš©ê°€ëŠ¥í•˜ê² ì£ ?
134,  ì˜ì˜,ì•„ì´í°8ì—ì„œ 13proë¡œ ê°ˆì•„íƒ”ì–´ìš” ã… ã…  ì§„ì§œ ë„ˆë¬´ ë§Œì¡±í•©ë‹ˆë‹¤ ..ðŸ¤ ì• í”Œ ì‚¬ëž‘í•´â¤ï¸
135,  ì€,"ì•„ì§ë„ 6s ì“°ì§€ë§Œ ì§„ì§œ ê³ ë¯¼ë©ë‹ˆë‹¤ ì£¼ë¡œ ê²Œìž„ê³¼ ì˜ìƒ, ì±…ë³´ëŠ” ìš©ë„ì§€ë§Œ ì§„ì§œ ë¬´ê²Œê³¼ ê°‘íˆ­íŠ€ë•œì— í”„ë¡œëŠ” ì• ë§¤í•˜ê³  ê·¸ë ‡ë‹¤ê³  ì¼ë°˜ê°€ìžë‹ˆ êµ³ì´ 13ì„? ê°€ì„±ë¹„ë¡œ 11,12ë¡œ ê°€ì„œ ì¡°ê¸ˆë” ë²„í…¨ë³¼ê¹Œ ê³ ë¯¼ë©ë‹ˆë‹¤"
136,  ë¬¸ë¼ì›Œ,ì• í”Œì´ í•­ìƒ ë””ìŠ¤í”Œë ˆì´ë¡œ ê¸‰ë‚˜ëˆ„ê¸°ë¥¼ ìž˜í•´ì„œ ì´ìª½ì— ì‹ ê²½ì´ ì“°ì¸ë‹¤ë©´ í•­ìƒ ê³ ê¸‰ì„ ì„ íƒí•  ìˆ˜ë°–ì— ì—†ì—ˆì£ ì•„ë‹ˆ ìš”ì¦˜ ì‹œëŒ€ì— hdê¸‰ì˜ ppië¥¼?ì´ì•„ë‹ˆ ìš”ì¦˜ ì‹œëŒ€ì— 60í—¤ë¥´ì¸  ì£¼ì‚¬ìœ¨ì„?ë¡œ ë°”ë€ ê²ƒë¿...ê·¸ëŸ° ì˜ë¯¸ì—ì„  ì§€ë‚œ 12ê°€ ê·¸ëŸ°ê²Œ ì—†ì–´ì„œ ì˜ì™¸ê¸´ í–ˆì£ 
137,  while (1),í•­ìƒ ìž‡ì„­ë‹˜ ì˜ìƒìœ¼ë¡œ ëŒ€ë¦¬ë§Œì¡± ëŠë¼ëŠ” ë‚˜..
138,  í–„ë²„ê±°033,"í•¸ë“œí°ì˜ ì‚¬ìš©ì„±, íŽ¸ë¦¬í•¨ì„ ì¶”êµ¬í•˜ëŠ” ì‚¬ëžŒë“¤ì€ 13í•¸ë“œí°ì˜ ì„±ëŠ¥, ì¹´ë©”ë¼ë¥¼ ì¤‘ì ìœ¼ë¡œ ë‘ëŠ” ì‚¬ëžŒë“¤ì€ í”„ë¡œê°€ ë§žì„ê±°ê°™ë„¤ìš”"
139,  ë‹ˆì½”ë¡œì½”,Xsì“°ë‹¤ê°€ ì´ë²ˆì— 13proë¥¼ ì‚¬ê²ŒëëŠ”ë° 120hzê°€ ë˜ëŠëƒ ì•ˆ ë˜ëŠëƒì˜ ì°¨ì´ëŠ” ì •ë§ í•˜ëŠ˜ê³¼ ë•… ì°¨ì´ìž…ë‹ˆë‹¤ ì—¬ëŸ¬ë¶„ã„·ã„· ë‹¤ì‹œ Xsë¥¼ ì¼ì„ë•Œì˜ ì—­ì²´ê° ì •ë§ í½ë‹ˆë‹¤ 120hzë§Œ ë°”ë¼ë³´ê³  í°ì„ ë°”ê¿”ë„ í›„íšŒí•˜ì§€ì•Šì„ ì´ë²ˆ proë¼ì¸ì—… ìž…ë‹ˆë‹¤
140,  ê¹€ìƒí˜,8ì„ 4ë…„ ì§¸ ì“°ê³  ìžˆëŠ”ë°...ì•„ë¬´ëž˜ë„ ì´ë²ˆë„ í•œë²ˆ ê±°ë¥¼ê±° ê°™ë„¤ìš”. ì§€ë¬¸ì¸ì‹ í¬ê¸° ëª»í•˜ê² ì–´ìš” ã…‹ã…‹ ë…¸ì¹˜ë„ ì—¬ì „ížˆ ë§ˆìŒì— ì•ˆ ë“¤ê³ ...ìž‡ì„­ë‹˜ ì˜ìƒ ë³´ê³  ì§€ê°‘ì„ ì•„ë‚„ ìˆ˜ ìžˆê²Œ ëìŠµë‹ˆë‹¤. ê·¸ëŸ°ë° ë¯¸ë‹ˆ6ëŠ” ì‚´ë“¯...ã…‹ã…‹ã…‹ ì–¸ì œ êµ¬ë§¤ ê°€ëŠ¥í•´ì§ˆê¹Œìš”
141,  J,ì¢‹ì€ ì •ë³´ ì§„ì§œ ë§Žì´ ì£¼ì…¨ëŠ”ë°.. ì†”ì§ížˆã…‹ã…‹ã…‹ ì•„ì§ë„ ìƒ‰ ë•Œë¬¸ì— ê³ ë¯¼ì¤‘ã…‹ã…‹ ì•„.. ì‹œì—ë¼ë¸”ë£¨ë„.. ë”¸ê¸°ìš°ìœ ë„ ë²„ë¦´ ìˆ˜ ì—†ì–´..ã… ã… 
142,  êµ¬ë¦¬ìƒìš°,ì´ê±¸ ë³´ë‹ˆ 14 ê¸°ë‹¤ë ¤ì•¼ê² ë„¤ìš”~ ê¹”ë”í•œ ë¹„êµ ê°ì‚¬í•©ë‹ˆë‹¤!
143,  Haelin Kim,13í”„ë¡œëž‘ 13í”„ë¡œë§¥ìŠ¤ ì¤‘ì— ê³ ë¯¼í•˜ë‹¤ê°€ 13í”„ë¡œ ìƒ€ëŠ”ë° í¬ê¸°ê°€ ì¢€ ì•„ì‰¬ì›Œìš” ã… ã… ã…  ì œí’ˆì„ ë³´ê³  ìƒ€ìœ¼ë©´ ë§¥ìŠ¤ë¥¼ ìƒ€ì„ ê²ƒ ê°™ì•„ìš”. ë¬´ê²ŒëŠ” ê±±ì • ë§Žì´ í–ˆëŠ”ë° ìƒê°ë³´ë‹¤ ê±°ìŠ¬ë¦¬ì§€ ì•Šë”ë¼êµ¬ìš”
144,  ë‹¤ë‹ˆì—˜,ì´ë²ˆì— ì•„ì´í°Xì—ì„œ ì•„ì´í° 13pro ë¡œ ë°”ê¾¸ë ¤ê³  ì‚¬ì „ì˜ˆì•½ í–ˆëŠ”ë° ë¬¼ëŸ‰ì´ ì—†ì–´ì„œ ëª» ë°›ê³  ìžˆìŠµë‹ˆë‹¤. ê¸°ë‹¤ë¦¬ëŠ” ë™ì•ˆ ìž‡ì„­ë‹˜ ì˜ìƒë³´ë‹ˆ ë” ê¸°ëŒ€ê°€ ë˜ë„¤ìš”. ì¢‹ì€ ì˜ìƒ ê°ì‚¬í•©ë‹ˆë‹¤!
145,  ë‹¤ìŠ¬ê¸°,ê°œì¸ì ìœ¼ë¡œ ì´ë²ˆ ì‹œë¦¬ì¦ˆëŠ” ë°°í„°ë¦¬ê°€ ê°•ì ì´ë¼ê³  ìƒê°
146,  bow king,200ë§Œ ë¯¸ë¦¬ ì¶•í•˜ë“œë¦½ë‹ˆë‹¤ í…Œí¬ì¶©ìœ¼ë¡œì¨ í•­ìƒ ìž˜ ë³´ê³  ìžˆìŠµë‹ˆë‹¤ ì´ë²ˆì—” ì¼ë°˜ìœ¼ë¡œ ê¸°ë³€ì„ ^.^
147,  ê¹€ì„¸ì§„,ì˜ˆì „ 7+ ì˜€ë‚˜ ì¼ì—ˆëŠ”ë° ê·¸ë™ì•ˆ ì•ˆë“œë¡œì´ë“œë§Œ ì“°ë‹¤ê°€ ì• í”Œì“¸ë¼ë‹ˆ ë­”ê°€ ë§Žì´ ë¶ˆíŽ¸í–ˆì—ˆëŠ”ë°.... í˜¹ì‹œ ê²¨ìš¸ì²  ë°°í„°ë¦¬ ê¸‰ê°í˜„ìƒ&ë°©ì „ í˜„ìƒì€ ê³ ì³ì¡Œë‚˜ìš” ??? ê°ì§„ ê¹»ìžŽí†µì„ ë³´ìžë‹ˆ ì• í”Œì— í•œë²ˆë” ë„ì „ì„ í•´ë³´ê³ ì‹¶ë„¤ìš”
148,  H.W N,ì§„ì§œ ë§¤ìž¥ê°€ì„œ ë³´ë‹ˆê¹Œ ì‹œë¸”ì€ ìƒ‰ê° ì•„ì£¼ì¢‹ì•„ì„œ ê°„ì‹ ížˆ ì°¸ì•˜ì–´ìš” ã… ã… ì œê°€ 12í”„ë¡œ ì‚¬ìš©ìœ ì €ë¡œì¨ ì•„ì§ ê·¸íŒŒë„ í˜„ì—­ì¤‘ í˜„ì—­ì´ë¼ ìƒê°í•©ë‹ˆë‹¤ ã…Žã…Ž ê·¼ë° 13í”„ë¡œ ì™•ëˆˆì´ì„¸ê°œëˆˆ ë­ìž„;;
149,  ì „ë‹¤ì˜¹,í”„ë¡œ ì¨ë³´ë‹ˆê¹Œ ë¬´ê²ê¸´ ì§„ì§œ ë¬´ê±°ì›Œìš”â€¦ì¼€ì´ìŠ¤ê¹Œì§€ ë¼ë©´ ë”ë”ìš± ì²´ê°ë˜ê³ â€¦í•œì†ìœ¼ë¡œ í°ë“¤ë©´ ì†ëª©ì´ ì•„í”Œì§€ê²½.. ì¹´ë©”ë¼ë„ ë§Žì´ ì»¤ì„œ ã„¹ã…‡ ë²„ë¸” ë¶™ì–´ìžˆëŠ” ëŠë‚Œã…‹ã…‹ã…‹ã…‹ê·¼ë° ì‹œì—ë¼ ë¸”ë£¨ ìƒ‰ì´ ë„ˆë¬´ë„ˆë¬´ ì˜ˆì˜ê³  120hz ë„˜ ë§Œì¡±ìŠ¤ëŸ¬ì›Œì„œ ê·¸ëŸ°ê²Œ ë‹¤ ìš©ì„œê°€ ë©ë‹ˆë‹¤
150,  ì¨ë‹ˆ_SUNNY,ì•„ê¹Œ ì‹¤ë¬¼ ë³´ê³ ì™”ëŠ”ë° ì¹´ë©”ë¼ê°€ ì—„ì²­ í¬ë”êµ°ìš”ã…‹ã…‹ã…‹ì‚¬ì§„ì€ ì •ë§ ì¢‹ì•„ìš”!!
151,  í“¨í¬ì¹´,ìš”ë²ˆì— í•¸ë“œí°ê´€ë ¨ì§ìœ¼ë¡œ ì·¨ì§ì„ í•˜ê²Œ ë¬ëŠ”ë° ìž‡ì„­ë‹˜ ì˜ìƒë³´ê³  ìž˜ ë°°ì›Œê°€ìš” ê°ì‚¬í•©ë‹ˆë‹¤!!
152,  GW P,í˜„ì‹¤ì ì¸ ì´ì•¼ê¸°ë„¤ìš”. ì¢‹ì€ ë¦¬ë·° ê°ì‚¬í•©ë‹ˆë‹¤.
153,  BOTTLE ship,ê°¤ëŸ­ì‹œ ìœ ì €ê°€ ë³´ê¸´ì—ëŠ” ì•„ì´í°ì´ ìƒ‰í•˜ë‚˜ëŠ” ì§„ì§œ ìž˜ë½‘ì•„ë‚´ëŠ”ê±° ê°™ìŒ
154,  ì ¸ë‹ˆ,í…Œí¬ í¬ê²Œ ê´€ì‹¬ì—†ì—ˆëŠ”ë° ë§í•˜ì‹œëŠ”ê±°ëž‘ ì¸íŠ¸ë¡œê°€ ë„ˆë¬´ ìž¬ë°Œì–´ì„œ ì ì  ê´€ì‹¬ í™•ìž¥ì¦ã…‹ã…‹ã…‹ã…‹ã…‹ã…‹ã…‹ ë„ˆë¬´ìž¬ë°Œì–´ìš”!!
155,  ì†Œêµ¥,7ì—ì„œ 13ìœ¼ë¡œ ê°ˆì•„íƒ‘ë‹ˆë‹¤ ðŸ‘ðŸ»â¤ï¸ ã… ã… ã…  ë•ë¶„ì— ì¦ë§¬ë¥´ ë„ì›€ì´ ë˜ì—ˆì–´ìš© ã…Žã…Ž
156,  á…³ìœ„ëŒ€í•œ ëšë°°ê¸°,120Hzì™€ 5ì½”ì–´ GPUë•Œë¬¸ì— ì•„ì´í°ì„ êµ³ì´ ê³ ë¥´ë¼ë©´ 13Proë¥¼ ì‚´ ê±° ê°™ë„¤ìš”
157,  criseton,13ì„ ì‚¬ì„œ ì¨ë³´ë‹ˆ ì „ì— ì“°ë˜ í°ë³´ë‹¤ í™•ì‹¤ížˆ ë¬´ê²ë”ë¼êµ¬ìš” 13ë„ ë¬´ê±°ìš´ë° 13proëŠ” ë˜ ì–¼ë§ˆë‚˜ ë¬´ê±°ìš¸ì§€....ã…‹ã…‹ã…‹
158,  ì•—ë¿Œë¿Œë¿Œì—,"xsì—ì„œ 13ë„˜ì–´ê°€ë‹ˆê¹ ì¹´ë©”ë¼ ì°¨ì´ê°€ã„·ã„· xsëŠ” 1,2ë°° ì˜€ëŠ”ë° 13ì€ 0.5 1ë°°ìœ¨ ì¹´ë©”ë¼ë¼ ì¡°ê¸ˆë§Œ ê°€ê¹Œì´ê°€ë„ íë ¤ì§€ëŠ”ê±°ë•Œë¬¸ì— ì ‘ì‚¬ê°€ìžˆëŠ” 13í”„ë¡œê°€ ì‚´ì§ ëˆˆì— ë°Ÿížˆê¸°ë„ã… ã… ã… 13ë¯¸ë‹ˆ í•‘í¬ë„ ì—„ì²­ ë§Œì¡±ìŠ¤ëŸ½ì§€ë§Œ 1.5ë°°ë”ì£¼ê³  ì ‘ì‚¬ë¥¼ í•˜ê¸°ì—” í•˜ì§€ë§Œ ì „ë¼ì¸ì—… oisì„¼ì„œíƒ‘ìž¬ì— ê°€ê²©ê·¸ëŒ€ë¡œëŠ” ã„¹ã…‡ ì‹ ì˜í•œìˆ˜"
159,  ê¼°í™”,13 ì¹´ë©”ë¼ ëžœì¦ˆê°€ ì—„ì²­ í¬ê¸´í•˜ì£ .. ê³µì°¨ì— íŽ„ ê°™ìŒ... ã…‹ã…‹13.13ë¯¸ë‹ˆ í•‘í¬ ìƒ‰ìƒë„ ìž˜ë‚˜ì™”ë”ë¼êµ¬ìš”!
160,  D S,ì§„ì§œ ì˜ìƒ ë°°ê²½ ë„ˆë¬´ ì´ì¨.. ì •ë³´ ë©´ì—ì„œë„ ê°€ìž¥ ìµœê³ ìž…ë‹ˆë‹¤
161,  íƒ¸íƒ¸,ì•„ì´í°8ì—ì„œ 13ë„ ê´œì°®ê² ì§€ í•˜ê³  ë„˜ì–´ì™”ëŠ”ë° 2ì£¼ ì¨ë³´ë‹ˆ í’ê²½ì‚¬ì§„ ì°ëŠ” ê±¸ ì¢‹ì•„í•˜ëŠ” ì €í•œí… 13í”„ë¡œê°€ ë” ì¢‹ì•˜ì„ ê²ƒ ê°™ë„¤ìš”ã… ã… ã… ã…œ ì´ë¯¸ ë°”ê¿€ ìˆ˜ ì—†ëŠ”ë°ë„ ì´ ì˜ìƒ ë³´ë©´ì„œ ë§¤ì¼ í›„íšŒì¤‘ì´ì—ìš”â€¦ã… ã… 
162,  The Family Man,"ì•„ì´í°x, xs ì´í›„ë¡œ ì§€ê°‘ ì—´ë§Œí•œ ë§¤ë ¥ì€ ì ì  ë” ì‚¬ë¼ì ¸ê°€ê³  ìžˆë‹¤ê³  ìƒê°í•©ë‹ˆë‹¤."
163,  ì„œíš¨ì§„,í•‘í¬ìƒ‰ ë•œì— 13 ì£¼ë¬¸í•´ë†“êµ¬ í”„ë¡œì— ëŒ€í•œ ì•„ì‰¬ì›€ì´ ì‚´ì§ ìžˆì—ˆì–´ìš” ã… ã… 13ê³¼ 13í”„ë¡œ ë‘˜ ì°¨ì´ë¥¼ ì•Œê³  ì‹¶ì—ˆëŠ”ë° ìœ íŠ­ í‚¤ìžë§ˆìž ì´ë ‡ê²Œ ë‚˜ì˜¤ë‹¤ë‹ˆ??!!!!!!!! í•­ìƒ ìœ ìµí•œ ì •ë³´ ì•Œë ¤ì£¼ì…”ì„œ ê°ì‚¬í•©ë‹ˆë‹¤ðŸ™‚
164,  Evilspirit7,ì„¸ê³„ì ìœ¼ë¡œ ë°˜ë„ì²´ ë¬¼ëŸ‰ì´ ì ì–´ì„œ í’ˆì ˆí˜„ìƒì´ì¼ì–´ë‚˜ëŠ”ê²Œ ì•„ë‹ê¹Œìš”? íŒë§¤ëŸ‰ì„ ë³´ì…”ì•¼í• ê²ƒê°™ìŠµë‹ˆë‹¤. ì§€ê¸ˆ ê·¸ëž˜í”½ì¹´ë“œë„ ê¸°í”¼ë¸Œëžœë“œ ìƒê´€ì—†ì´ í’ˆì ˆì´ìž–ì•„ìš”
165,  ìŠ¤ìœ—ì œì´,12pro ì“°ëŠ”ì¤‘ì¸ë° ê³ ë¯¼í•˜ì§€ ë§ê³  ê·¸ëƒ¥ ipad mini6 ì´ë‚˜ ê¸°ë‹¤ë ¤ì•¼ê² ë„¤ìš” ì˜ìƒ ê°ì‚¬í•©ë‹ˆë‹¤ðŸ¥°
166,  ê°•ìŠ¹ìš°,ì´ë²ˆ 13í”„ë¡œëŠ” ì¹´ë©”ë¼ì„¬ë•Œë¬¸ì— ê¸°ì¡´ ë§¥ì„¸ì´í”„ ì¶©ì „ê¸° í˜¸í™˜ì´ ìž˜ì•ˆëœë‹¤ê³  í•˜ë˜ë° ë²¨í‚¨3in1 ì‚¬ìš©ì— ë¬¸ì œì—†ì„ì§€ê°€ ê¶ê¸ˆí•©ë‹ˆë‹¤..!
167,  Jongseong Ha,12proì‚¬ìš©ìžëŠ” íŒ”ê³  13proê°€ëŠ”ê²Œ ì´ë“ìž…ë‹ˆë‹¤ 1ë…„ ë” ë²„í‹°ë©´ í°ê°€ê²© ë°©ì–´ ì•ˆë˜ì£ ^^ ì¼ë°˜ì¸ì´ ê°€ê²©ì  ì¸¡ë©´ì—ì„œë§Œ ë³¸ë‹¤ë©´ ë§¤ë…„ ë°”ê¾¸ëŠ”ê²Œ 2ë…„ë§ˆë‹¤ ë°”ê¾¸ëŠ” ê²ƒë³´ë‹¤ ì´ìµì¸ë“¯ì‹¶ë„¤ìš”.... ì „11pro-12pro-13proë¡œ ë°”ê¿¨ëŠ”ë° 11proì‚¬ìš© í•˜ëŠ” ì¹œêµ¬ë„˜ì€ 13proë¡œ ëª»ê°€ë„¤ìš” íˆ¬ìžë¹„ìš©ì´ ë„ˆë¬´ ì»¤ì„œ....
168,  íƒœì›€. ê¸°ì¡´ ìƒê°ì„ íƒœìš°ë‹¤,ì¸íŠ¸ë¡œì— ë§Žì€ ì˜ë¯¸ê°€ ë‹´ê²¨ìžˆë„¤ìš” ðŸ™ðŸ™13:21 í”„ë¡œì—ì„œ USB 2.0ì€ ì§„ì§œ ì´ê±´ ì„  ë„˜ìŒ ðŸ˜ ðŸ˜ 
169,  á„‹_á„‹,7í”ŒëŸ¬ìŠ¤ ì“°ê³  ìžˆëŠ”ë° ë­˜ë¡œ ë°”ê¿€ì§€ ìƒê° ì¤‘ì´ì˜€ëŠ”ë° ìž‡ì„­ë‹˜ ë•ë¶„ì— 13ìœ¼ë¡œ ê°ˆì•„íƒˆ ë§ˆìŒì„ ê°€ì§€ê²Œ ë˜ì—ˆì¨ìš” !!
170,  í˜¸ì•¼ë†ˆ ì—…ì–´í‚¤ìš°ê¸° HOYA,í°ìœ¼ë¡œ ê·¸ë ‡ê²Œ ëŒ€ë‹¨í•œê±¸ í• ë§Œí¼ ìš°ë¦¬ ì†Œë¹„ìžëŠ” ì§„í™”í•˜ì§€ ì•Šì•˜ë‹¤..
171,  HB SJ,120hzë§Œ ë³´ê³  í”„ë¡œë¡œ êµ¬ë§¤í•˜ê¸´í–ˆëŠ”ë°ì¹´ë©”ë¼ì„¬ ë•Œë¬¸ì— ì™ ë§Œí•œ ë¬´ì„ ì¶©ì „ê¸°ëž‘ ë‹¤ ê°„ì„­ì´ ìžˆë„¤ìš”.ì¶©ì „ì´ ì•ˆë˜ëŠ”ê±´ ì•„ë‹Œë° ê³µê°„ì´ ë– ì„œ ê°œì¸ì ìœ¼ë¡œëŠ” ê±°ìŠ¬ë¦¼...13ì¼ë°˜ ëª¨ë¸ì€ í¬ê¸°ëŠ” ê°™ê³  ê°¯ìˆ˜ì°¨ì´ë§Œ ë‚˜ëŠ”ì¤„ ì•Œì•˜ëŠ”ë° ê·¸ê²Œ ì•„ë‹ˆì—ˆêµ°ìš”.
172,  ë¼ë©´í‚¬ëŸ¬,ë§ˆì§€ë§‰ ë¯¸ë‹ˆ ëª¨ë¸ì¸ 13ë¯¸ë‹ˆë¡œ ê°€ë ¤ê³  í–ˆìœ¼ë‚˜(í˜„ìž¬ ì‚¬ìš©ì¤‘ì¸ 11í”„ë¡œë„ ë¬´ê±°ì›Œì„œ...ã… ã… ) ë§‰ê°•í•œ ì¹´ë©”ë¼ì— êµ´ë³µí•˜ì—¬ 13í”„ë¡œ ë°°ì†¡ ê¸°ë‹¤ë¦¬ê³  ìžˆë„¤ìš”^^
173,  ë¬¸ë³‘í˜„,ì–´ì œ ì•„ì´í°13 ìŠ¤íƒ€ë¼ì´íŠ¸ ê°œí†µí•´ì„œ ì‚¬ìš©ì¤‘ì¸ë° ë§Œì¡±í•˜ê³  ì‚¬ìš©í•˜ê³  ìžˆìŠµë‹ˆë‹¤ íŠ¹ížˆ ìƒ‰ìƒì´ ì´ë»ì„œ ì•„ì£¼ ë§Œì¡±ìŠ¤ëŸ½ìŠµë‹ˆë‹¤ã…Ž ì œê°€ ì°¾ì•„ë³´ê³  ë“¤ì€ê±°ë¡œëŠ” ë² ì´ì§€ìƒ‰ì´ëž‘ ì¡°ê¸ˆ ì„žì—¬ìžˆë‹¤ ì´ëŸ° ë§ì´ ìžˆì—ˆëŠ”ë° ì‹¤ë¬¼ ë³´ë‹ˆê¹ ê·¸ëƒ¥ í™”ì´íŠ¸ìƒ‰ìƒìž…ë‹ˆë‹¤(ë² ì´ì§€ìƒ‰ ì•ˆë³´ìž„)
174,  ìŠ¤ëˆž,ì„±ëŠ¥ì€ ëª¨ë¥´ê² ê³  ìƒ‰ê¹”ì´ ë„ˆë¬´ ì´ë»ì„œ í”„ë¡œê°–ê³  ì‹¶ë‹¤ã…œã…œ
175,  ë„ë©”ìŠ¤í‹±,ì—­ì‹œ í”„ë¡œëª¨ì…˜ë•Œë¬¸ì— ê°ˆë ¤ë²„ë ¸ë„¤ìš” ã…‹ã…‹ã…‹ã…‹ã…‹ ì•„ì‰¬ìš´ì  ëª‡ê°œë•Œë¬¸ì— 14ì¡´ë²„ í•´ë´…ë‹ˆë‹¤
176,  ìž‘ì‹¬ì‚¼ì´ˆ,6s+ë¥¼ 5ë…„ì´ë‚˜ ì§ˆë¦¬ë„ë¡ ì¨ ì˜¨ ì €ë¡œì„  í”„ë¡œë³´ë‹¤ ê·¸ëƒ¥ 13ì„ ì‚¬ë„ ê´œì°®ì„ ê²ƒ ê°™ë„¤ìš”? ê·¼ë° ì†”ì§ížˆ ë¬´ê²Œ ë•Œë¬¸ì— ìŠ¤íŠ¸ë ˆìŠ¤ ë§Žì´ ë°›ì•„ì„œ ìµœëŒ€í•œ ê°€ë²¼ìš´ ê±° ì“°ê³  ì‹¶ìŒã…œã…œã…œ
177,  ìš°ì¥¬like,ì´ ë¦¬ë·° ê¸°ë‹¤ë ¸ìŠµë‹ˆë‹¤.  11pro ì¼ëŠ”ë° ì´ë²ˆì— ê³ ë¯¼ì´ì—ˆëŠ”ë° ì˜ìƒë³´ê³  13ìœ¼ë¡œ ê°€ê¸°ë¡œ í–ˆìŠµë‹ˆë‹¤.
178,  MR. BAE,ì™€ ì •ë§ í° ë„ì›€ì´ ë˜ì—ˆìŠµë‹ˆë‹¤ê°ì‚¬í•©ë‹ˆë‹¤~^^
179,  ë¯¼íŠ¸ì´ˆì½”ëƒ‰ë©´ë°¥,12 í”„ë¡œ ì“°ë©´ì„œ ë§ì›ë„ ì¢…ì¢… ìž˜ ì“°ê³  ìžˆëŠ”ë°13 í”„ë¡œëŠ” ì™œ ë§ì›ì„ 3ë°° ë„£ëŠ”ì§€ ì¡°ê¸ˆ ì˜ì•„ìŠ¤ëŸ½ë„¤ìš”.2ë°°ëŠ” ì€ê·¼ížˆ ì“¸ ì¼ ë§Žì€ë° 3ë°°ëŠ” ê·¸ ì •ë„ë©´ ê·¸ëƒ¥ ë””ì§€í„¸ì¤Œìœ¼ë¡œ í•´ê²°í•˜ì§€ êµ³ì´ ê´‘í•™ì ìœ¼ë¡œ í•´ì•¼í•˜ë‚˜ ì‹¶ì€...ê·¸ë¦¬ê³  ë¬´ê²Œê°€ ë„ˆë¬´ ë¶€ë‹´ìŠ¤ëŸ¬ì›Œ ì§„ ê²ƒ ê°™ìŠµë‹ˆë‹¤ ã…‹ã…‹ì–´ì°Œë³´ë©´ 12 í”„ë¡œ ì‚° ê²Œ ìž˜ í•œ ê²ƒ ê°™ì•„ìš”. í”„ë¡œ íŒ¨ë“œ ì“°ë©´ì„œ ì•„ì´í° ì¨ë„ ìƒëŒ€ì ìœ¼ë¡œ í™”ë©´ì´ ìž‘ì•„ì„œì¸ì§€ ì—­ì²´ê°ì´ ìƒê°ë³´ë‹¤ ì•ˆ ë“¤ê¸°ë„ í•˜ê³ ìš”.
180,  ì±„ê°€,13í”„ë¡œëž‘ ì¼ë°˜ ê³ ë¯¼í•˜ë‹¤ê°€ ì¼ë°˜ìƒ€ë„¤ìš” ë§Œì¡±í•©ë‹ˆë‹¤ê·¸ë‚˜ì €ë‚˜ ìž‡ì„­ë‹˜ ê³§ 200ë§Œ ã„· ã„· ã„·
181,  fly me to the moon,ã„¹ã…‡ ì• í”Œì€ í°ì´ ì„¸ë ¨ë˜ê³  ì´ìœë“¯;; ë‹¤ë– ë‚˜ì„œ ì§€ê¸ˆ 8í”Œ ì“°ëŠ”ë° ì•„ì§ë„ ì´ì¨ ã…‹ã…‹
182,  Dennis Sorm,4:29 ì†”ì§ížˆ ë¶• ëœ¨ì§€ë§Œ ì‚¬ìš©ëª»í• ì •ë„ëŠ” ì•„ë‹ˆê³  12 í”„ë§¥ì´ë‚˜ 12 í”„ë¡œì—ì„œ ìž˜ ì“°ë˜ ì œí’ˆì´ë©´ 13 í”„ë¡œì—ì„œë„ ê·¸ëŒ€ë¡œ ì“°ì…”ë„ ë©ë‹ˆë‹¤. ì €ë„ ì¶©ì „ ì•ˆë˜ë‚˜ ë–¨ì–´ì§€ë‚˜ ì‹¶ì—ˆëŠ”ë° ë¬¸ì œì—†ì´ ìž˜ì“°ê³  ìžˆì–´ìš”.
183,  kor kk,xr 11 12ë•Œê¹Œì§€ëŠ” í”„ë¡œê¸‰ì´ëž‘ ì°¨ì´ë‚˜ëŠ”ê±´ ì¹´ë©”ë¼ë‚˜ ëž¨ë“±ë“± ì´ì˜€ë‹¤ë©´ ì´ë²ˆ 13ì´ëž‘ í”„ë¡œê¸‰ë¼ì¸ì€ 120hz ì£¼ì‚¬ìœ¨ ì°¨ì´ê°€ ë‚©ë‹ˆë‹¤. ëˆˆìœ¼ë¡œ ê³„ì† ì²´ê°ì´ë˜ëŠ” ë¶€ë“œëŸ¬ì›€ì´ ë¹ ì§€ëŠ”ê±°ì—ìš” ë…¸ë§ëª¨ë¸ì„ ì‚°ë‹¤ë©´ìš”. ë­ ë¯¸ëž˜ì— 14ë‚˜ 15ì—ê°€ì„œ 120hzê°€ ë…¸ë§ëª¨ë¸ì— ë“¤ì–´ê°„ë‹¤ë©´ ê·¸ë• ë…¸ë§ì‚¬ë„ ë˜ê² ì§€ë§Œ 13 ë¼ì¸ì—…ì—ì„œëŠ” í”„ë¡œ/ë§¥ìŠ¤ ë“±ë“± í•«ë”œë¡œ 10í”„ë¡œ ê°€ê¹Œì´ ì„¸ì¼ì´ ë§Žì´ ì˜¬ë¼ì˜¤ë‹ˆê¹Œ ê°€ê¸‰ì ì´ë©´ í”„ë¡œë¥¼ ì¶”ì²œí•©ë‹ˆë‹¤.
184,  ëš±ë³„,ì•„ì´í°ì—‘ìŠ¤ì—ì„œ ì•„ì´í°13ì¼ë°˜ í•‘í¬ë¡œ êµ¬ë§¤í–ˆì–´ìš”~~!! ë¯¸ë‹ˆëž‘ ê³ ë¯¼í–ˆëŠ”ë° ì¼ë°˜ ì‚¬ê¸¸ ìž˜í•œ ê²ƒ ê°™ì•„ìš”! ìœ íˆ¬ë¸Œ í•­ìƒ ìž¬ë°Œê²Œ ìž˜ë³´ê³  ìžˆìŠµë‹ˆë‹¤ã…Žã…Ž
185,  JJ,"xs ì“°ê³ ìžˆëŠ”ë°, ì˜ìƒì´¬ì˜ë§Œ ì•„ë‹ˆë©´ ì“°ëŠ”ë° ì „í˜€ ë¶ˆíŽ¸í•¨ì´ ì—†ì–´ì„œ ì¢‹ì•„ìš”. ì•„ì´ë“¤ì€ ê¸ˆë°©ì»¤ë²„ë¦¬ë‹ˆê¹Œ ìµœëŒ€í•œ ì¢‹ì€ ì˜ìƒí’ˆì§ˆë¡œ ë‹´ì•„ë‘ê³  ì‹¶ìŠµë‹ˆë‹¤. ì•„ì•„ì•„ ê³ ë¯¼ë©ë‹ˆë‹¤ì•„ì•„ì•„ì•„"
186,  Tag0nizza,13í”„ë¡œ ì‹œë¸”ì´ëž‘ 13 í•‘í¬ ë‘ê°œ ê±¸ì–´ë†¨ëŠ”ë° ì´ê±° ë´ë„ ê²°ì •ì„ ëª»í•˜ê² ë‹¤... ì‹œë¸”ì´ ë„˜ ì´ì¨+120hz vs íŽ¸ì˜ì„±ì˜ 13
187,  ìœ ì‹¬ì¹©,ë‚œ ë¬´ì¡°ê±´ í”„ë¡œ ìƒ‰ìƒê³¼ ìž¬ì§ˆì´ ê³ ê¸‰ìŠ¤ëŸ¬ì›Œì„œ í”„ë¡œ ã…Žã…Ž ê·¸ë¦¬ê³  ì´ë²ˆì— ì¹´ë©”ë¼ í°ê±° ë‚œ ë¹„ìœ¨ ê·€ì—¬ì›Œì„œ ë§˜ì—ë“¦
188,  ar jeon,ì•„ì´í°13í”„ë¡œ ì‚¬ì„œ ì“°ê³ ìžˆëŠ”ë°ì‚¬ì§„ ì§„ì‹¬ ì˜ˆìˆ ìž…ë‹ˆë‹¤.ë‚¨íŽ¸12í”„ë¡œì¸ë° ì°¨ì´ ì™„ì „ ë‚˜ìš”!ã…Žì§„ì§œ ë§‰ì°ì–´ë„ ì˜ˆë»ìš”>_<
189,  ê·€ì—¬ìš´ ê°‘ì˜¤ì§•ì–´,í˜¹ì‹œ ë””ì§€í„¸ 2ë°°ì¤Œìœ¼ë¡œ ì°ì—ˆì„ ë•Œëž‘ ê´‘ê°ë Œì¦ˆ(ê´‘í•™)ë¡œ ì°ê³  í¬ë¡­í•œê±°ëž‘ ë””í…Œì¼ì´ ë‹¤ë¥¸ê°€ìš”? ê°‘ìžê¸° ê¶ê¸ˆí•´ì§€ë„¤ìš”
190,  ì—¬ë™,ì‚¬ì§„ë„ ë§Žì´ ì•ˆì°ì§€ë§Œ ì£¼ì‚¬ìœ¨ë•Œë¬¸.. ê·¸ëž˜ë„ ì´ì™•ì´ë©´ í”„ë¡œê°€ ì¢‹ê¸´ í•˜ì£ 
191,  DraYak,ì„±ëŠ¥ë•Œë¬¸ì— 13í”„ë§¥ìƒ€ëŠ”ë° ì§„ì§œ ëŒ€ë§Œì¡±ìž„. ë‚´ê°€ í•˜ëŠ” ê²Œìž„ í’€ì˜µë„ ëŒì•„ê°€ëŠ”ë° ë°œì—´ì´ ê±°ì˜ ì—†ìŒ. ì„±ëŠ¥ë§Œí¼ì€ ì•ˆë“œë¡œì´ë“œ ì§„ì˜ì—ì„œë„ ì–´ë–»ê²Œ í•´ì•¼í•˜ì§€ ì•Šì„ê¹Œì‹¶ì€ë°..
192,  í‚¤ë“œëª¨,ì´ë¯¸ 13 í”„ë¡œë¥¼ ë°›ê³ ë‚˜ì„œ ë³´ëŠ” ì˜ìƒì˜ ì°¸ë§›ì´ëž€... ëŒ€ë‹¨í•˜ë„¤ìš”
193,  som,ì˜ìƒì„  ìˆ˜ì—†ì´ ëŒë ¤ë³´ë©° ì•„ì§ë„ ê³ ë¯¼ì¤‘ì¸ë°..13 ì‚¬ê³ ì‹¶ì€ ì´ìœ : ì»¬ëŸ¬ / ë³´ë‹¤ ê°€ë²¼ìš´ ë¬´ê²Œ13pro  ì‚¬ê³ ì‹¶ì€ ì´ìœ : ì„±ëŠ¥ ê·¼ë° ì¹´íˆ­íŠ€ ì‹¬í•œê²Œ ê±±ì • ã… 
194,  D_H00,í˜• ê³„ì† ê³ ë¯¼í•œê±´ë° ë¹„êµ í•´ì¤˜ì„œ ê³ ë§™ìŠµë‹ˆë‹¤  ðŸ™
195,  Cobb,ì™¸ê´€ ë””ìžì¸ì€ ì¼ë°˜ë””ìžì¸ì´ ë” ìž˜ë¹ ì§„ê²ƒê°™ë‹¤
196,  ìƒ¤ë„¬,ì•„ì´í° ë¯¸ë‹ˆ ì•½ì •ë„ ë§Žì´ ë‚¨ì•—ê³  ìœ„ì•½ê¸ˆë„ ìžˆì—ˆì§€ë¯¼ í”„ë¡œë¥¼ ë„ˆë¬´ ì¨ë³´ê³  ì‹¶ì–´ì„œ ì²˜ìŒìœ¼ë¡œ ì¨ë´¤ëŠ”ë° ë„ˆë¬´ ì¢‹ì•„ìš”ì¹´ë©”ë¼ë‚˜ ë™ì˜ìƒ ì´¬ì˜ë„ ì œê°€ ë§Žì´ ì“°ëŠ” ì‚¬ëžŒì´ë¼ ì•žìœ¼ë¡œëŠ” í”„ë¡œë§Œ ì“°ë ¤ê³ ìš”
197,  hen,11 í”„ë¡œì—ì„œ 13 í”„ë¡œë¡œ ë„˜ì–´ê°€ë„ ì¶©ë¶„ížˆ ê´œì°®ì„ê¹Œìš”?
198,  ë² ë¦¬ ë¸”ë£¨,ìž‡ì„­ë‹˜ ì˜ìƒ ìž˜ ë´¤ìŠµë‹ˆë‹¤!!í˜¹ì‹œ ì•„ì´í°13 + ì•„ì´íŒ¨ë“œ í”„ë¡œ ì¡°í•©ë„ ë¹„ì¶”í•˜ì‹œë‚˜ìš” ?? ì—­ì²´ê°ì´ ì‹¬í• ê¹Œ ê±±ì •ë˜ë„¤ìš” ã… 
199,  á„€á„‚á„ƒ,ì˜ˆì „ì— ì•„ì´íŒ¨ë“œ í”„ë¡œ-ì—ì–´ ì°¨ì´ë•Œì²˜ëŸ¼ ì•„ì´í° êµ¬í˜• ê³„ì† ì“¸ ì˜ˆì •ì´ê±°ë‚˜ 13ì‚´ ìƒê°ì´ë©´ 13í”„ë¡œ ë¼ì¸ ë””ìŠ¤í”Œë ˆì´ëŠ” ì ˆëŒ€ êµ¬ê²½ ì•ˆí•˜ëŠ”ê±¸ë¡œ ã…‹ã…‹ã…‹
200,  ê¹€ìž¬í˜„,ì €ëŠ” 13ì‚¬ê³  ì—¬ì¹œì€ í”„ë¡œ ìƒ€ëŠ”ë° í”„ë¡œê°€ ì •ë§ ë¬´ê²ê²Œ ëŠê»´ì§€ë”ë¼ê³ ìš”â€¦.ê·¸ë¦¬ê³  ì •ë§ ì „ë¬¸ì ì¸ê±° ì•„ë‹ˆë©´ 13ì´ë‚˜ í”„ë¡œë‚˜ ì¹´ë©”ë¼ ì°¨ì´ê°€ í¬ê²Œ ì—†ìŠµë‹ˆë‹¤â€¦ã…‹ã…‹ã…‹
201,  HK TV ê³¨ë•Œë¦¬ëŠ”ë‚¨ìžì˜ ê³µì—°ìž¥ ë°•ëžŒíšŒìž¥ ë°©ë¬¸ê¸°,ì „ ì•„ì´í°ìœ ì €ê°€ ì•„ë‹™ë‹ˆë‹¤. ì•„ì´í°ì„ í•œë•Œ í•œë²ˆ ì‚¬ìš©í•´ë³´ê³ ì‹¶ë‹¤ëŠ” ìƒê°ì´ ë“¤ì—ˆë‹¤ê°€ í¬ê¸°í•œê³„ê¸°ê°€ ìš©ëŸ‰ í™•ìž¥ì´ ì•ˆëœë‹¤ëŠ”ê±°ì˜€ìŠµë‹ˆë‹¤. ê·¸ê²Œ ì œê°€ëŠë¼ê¸°ì—” ê°€ìž¥ í°ë‹¨ì ì¸ê±°ê°™ì•„ ë³´ì˜€ê±°ë“ ìš”..
202,  Lucas H,11 ë¶€í„° ì•„ë¬´ë„ ì¸ì • ì•ˆí–ˆì§€ë§Œ ì´ì œëŠ” ê·¸ëƒ¥ í™•ì‹¤í•œ ì‚¬ì‹¤ = ë‹¤í•„ìš”ì—†ê³  ê·¸ëƒ¥ ë°§ë°ë¦¬ ì˜¤ëž˜ê°€ê³  ì¹´ë©”ë¼ ì¢‹ìœ¼ë©´ ìž¥ë•¡
203,  ê°€ë¥´ê°•íŠ€ì•„,ì§„ì§œ ì• í”Œ ì¹©ì…‹ ì„±ëŠ¥ì€ ê¹¡íŒ¨ë‹¤.. ì•ˆë“œë¡œì´ë“œê°€ ì–´ë–»ê²Œ í•  ìˆ˜ ìžˆëŠ” ë¶€ë¶„ì´ ì•„ë‹ˆë„¤.. ì‚¼ì„± íž˜ë‚´ìž!
204,  young K,ìš°ì™€ ã… ã… ã…  ì§„ì§œ ê¸°ë‹¤ë ¸ë˜ ì˜ìƒì´ì—ìš” ã… ã…  ìž‡ì„­ë‹˜ ì˜ìƒë³´ê³  í° ë°”ê¾¸ë ¤ê³  ê¸°ë‹¤ë¦¬ê³ ìžˆì—ˆì–´ìš©â¤ï¸
205,  ì™€ê¸€,13í”„ë¡œ ì§„ì§œ ì¢‹ìŠµë‹ˆë‹¤. ì €ë¼ë©´ ì‚¬ì§„ ì•ˆì°ì–´ë„ 13í”„ë¡œ ì¶”ì²œí•¨.. í”„ë¡œëª¨ì…˜ ì°¨ì´ê°€ ë„ˆë¬´ ì»¤ìš”..ì™œ ë‚´ê°€ ë¬´ê²Œ ë•Œë¬¸ì— ê³ ë¯¼í–ˆë‚˜ ì‹¶ì„ì •ë„ë¡œ ë‹¤ ìžŠê²Œ ë§Œë“¬...
206,  ìš°ìš°,ìž‡ì„­ë‹˜ ì˜ìƒ ë„ˆë¬´ ìœ ìµí•˜ë„¤ìš”!
207,  ì •ì ,ë¬¼ëŸ‰ì´ ì—†ì–´ì„œ ê·¸ëŸ°ê²Œì•„ë‹ˆêµ¬.. ì• í”Œì´ ì•ˆë³´ë‚´ì¤˜ì„œ ê·¸ëŸ°ê±°ê³   12 ì‚¬ì „ì˜ˆì•½ì‹œì¦Œë•Œ  ë‚˜ì˜¤ê¸°ì „ì— ê°œí†µì‹œì¼œì£¼ëŠ” ì• ë“¤ë•œì— ê²½ê³ ë¨¹ì–´ì„œ  ìš°ë¦¬ê°€ 13ë°œí‘œ ëŠ¦ì–´ì§„ê±°ë¼ë˜ë°
208,  ê¹€ì§€í›ˆ,13í”„ë¡œ ë³´ê³  ë“  ì¸ìƒ1. ì™€ ë Œì¦ˆ ëŒ€ë°• í¬ë‹¤2. ì™€ í”„ë¡œëª¨ì…˜ ë¯¸ì³¤ë‹¤3. ì™€ ë Œì¦ˆ ê·¼ë° ë„ˆë¬´ í°ë°?
209,  íƒœì •íƒœì„¸ë¹„ìš˜ì„¸,ë” ì´ìƒ íœ´ëŒ€í°ì˜ í˜ì‹ ì ì¸ë°œì „ì´ ì—†ìœ¼ë‹ˆ ì¹´ë©”ë¼ë§Œ ê°•ì¡°ë˜ëŠ”ëŠë‚Œì ì¸ ëŠë‚Œ?
210,  :ê°“ì„±ì€ì˜ ì½§ë¬¼,"ì—†ì„­ ì±„ë„ì— 3ë…„ë™ì•ˆ í•­ìƒ ê°™ì€ ë„¤ì´ë°ì„ ìœ ì§€í–ˆë˜(ìŠ¤íŽ˜ì´ìŠ¤ê·¸ëž˜ì´ ê·¸ëž˜ì´,ê·¸ëž˜íŒŒì´íŠ¸ì œì™¸) 11,12,13í”„ë¡œì˜ 3ê°€ì§€(ì‹¤ë²„,ê³¨ë“œ,ê·¸ëž˜íŒŒì´íŠ¸(ìŠ¤íŽ˜ì´ìŠ¤ ê·¸ëž˜ì´) ì˜ ìƒ‰ê¹”ë¹„êµë„ ê°€ëŠ¥í• ê¹Œìš”?. 3ê°€ì§€ ëª¨ë‘ ê°€ì§€ê³  ìžˆëŠ” ìƒ‰ìƒ í•œìœ¼ë¡œìš”."
211,  zuuu,ì˜ìƒì„ ë´ë„ ëª» ê³ ë¥´ê² ë„¤ìš”... ì •ë§ ì–´ì©Œì£ ì‚¬ì§„ ì°ëŠ” ê±¸ ì¢‹ì•„í•´ì„œ ì‚¬ì§„ì€ ë˜ê²Œ ë§Žì´ ì°ëŠ” íŽ¸ì¸ë° ì§€ê¸ˆ ì“°ë˜ í°ì´ ë„ˆë¬´ ê°€ë²¼ì› ë˜ ì§€ë¼ í”„ë¡œë¥¼ ì“°ìžë‹ˆ ì§€ê¸ˆ í°ì´ëž‘ ê±°ì˜ 100gì •ë„ ì°¨ì´ê°€ ë‚˜ì„œ ê´œì°®ì„ê¹Œ ê±±ì •ì´ ë˜ê³ ... ë””ìžì¸ë„ í”„ë¡œëŠ” ì¹´ë©”ë¼ê°€ ë„ˆë¬´ ì»¤ì„œ ë¶€ë‹´ìŠ¤ëŸ½ê±°ë‚˜ ë¶ˆíŽ¸í•˜ì§„ ì•Šì„ê¹Œ ì‹¶ì€ë° ì–´ë–¤ ê±¸ ì„ íƒí•˜ëŠ” ê²Œ ë§žì„ê¹Œìš”...
212,  Seven Eleven,ë‹¤ìŒ ì•„ì´í° 14ëŠ” ì‹œë„¤ë§ˆí‹± ëª¨ë“œê°€ ê°œì„ ë  ê²ƒ ê°™ë„¤ìš”
213,  ì´ì€ê²½,ì €ë²ˆ ì£¼ë§ì— ì•„ì´í° 8+ì—ì„œ ì•„ì´í° 13ìœ¼ë¡œ ê°ˆì•„íƒ”ëŠ”ë°ðŸ˜ ì˜ìƒë³´ê³  ì—­ì‹œ ìž˜ìƒ€ë‹¤ì‹¶ë„¤ìš”ã…Žã…Žã…Ž
214,  ìŠìŠ,ìž‡ì„­ë‹˜ ë•ë¶„ì— ë”ìš±ë” ê²°ë ¬í•˜ê²Œ ê³ ë¯¼í•˜ê²Œ ë˜ì—ˆìŠµë‹ˆë‹¤â€¦
215,  Yerimi Kang,í•­ìƒ ìž˜ ë³´ê³  ìžˆìŠµë‹ˆë‹¹~~~ ê·€ì— ì™ì™ ë“¤ì–´ì˜¤ëŠ” ì„¤ëª… ì™„ì „ êµ³êµ³~~~~ ì¢‹ì€ ì˜ìƒ ê°ì‚¬í•´ì˜¤ìš”ì˜¹~~~!! :-) ðŸ‘
216,  ëŒ“ê¸€ ì•Œë°”,ì§„ì§œ ì• í”Œì€ ê¸°ìˆ ì´ ìžˆì–´ë„ ì™„ì„±í˜•ì´ ë˜ì–´ì•¼ ë‚´ëŠ” ê²Œ ë§žêµ¬ë‚˜.. 120hz ì™„ì„±ë„ ë³´ì†Œ..
217,  Marc Lee,ì„ íƒì— ë„ì›€ë˜ì—ˆì–´ìš” ã…Žã…Ž ê°ì‚¬í•©ë‹ˆë‹¤
218,  juins,ë‚˜ëŠ” ê·¸ëž˜ë„ ê·¸ ì¹´ë©”ë¼ ë•ì— ë’·ë©´ì— í—ˆì „í•¨ì„ ëœì–´ì£¼ëŠ” ê²ƒ ê°™ì•„ì„œ ì¢‹ëŠ 
219,  ì§€ì§€,"ì•„ì´í°13ê³¼ ëª‡ë‹¬ í›„ì— ê°¤ëŸ­ì‹œs22ì¤‘ì— ë­ê°€ ë” ì¢‹ì„ê¹Œìš”? ì•„ì´í°13í”„ë¡œëŠ” ë””ìžì¸ê³¼ ë¬´ê²Œê°€ ê°ë‹¹ ë¶ˆê°€ë¼ ìƒê°ì—†ê³ , ìœ„ì— ë‘˜ì¤‘ì— ë„ˆë¬´ ê³ ë¯¼ë˜ë„¤ìš” ã…œã…œ"
220,  LiW,ì§€ê¸ˆ 6s+ 6ë…„ì§¸ ì“°ê³  ìžˆëŠ”ë° ì´ ì˜ìƒ ë³´ê³  proë¡œ ë§ˆìŒ êµ³í˜”ìŠ´ë‹¤ ã…‹ã…‹ ì—­ì‹œ í˜• ëŒ€ë‹¨í•´ â™¡
221,  ee H,ã…Ž ì € ì–´ì œ ì´ì˜ìƒ ê²ë‚˜ ë³´ê³  ê²°êµ­ 13ìœ¼ë¡œ ì§ˆëŸ¿ ìŠµë‹ˆë‹¤ã…‹ã…‹ã…‹ã…‹ ì‚¬ì§„ ì•„ë¬´ë¦¬ ë§Žì´ ì°ì–´ë„ ì„¤ëª…ë“£ê³  ë‚˜ë‹ˆ ì €ì—ê²Œ pro ê¹Œì§€ëŠ” ì•„ë‹Œê±° ê°™ì•„ì„œ ë§˜íŽ¸ížˆ ìƒ€ìŠµë‹ˆë‹¤!! ê°ì‚¬í•´ìš”!!
222,  ì—ì´í™”ì´íŒ… A-Hwaiting,ìž‡ì„­í˜• ì¸íŠ¸ë¡œ ë„ˆë¬´ ìž¬ë°Œì–´ìš”! ë‹¤ìŒì—ë„ ê¸°ëŒ€í• ê²Œì—¼!~^^
223,  Genie,í”„ë¡œ ì–´ì œ ë°›ì•„ì™€ì„œ ì“°ê³  ìžˆìŠµë‹ˆë‹¤.120hz ì´ê±° ì–´ë§ˆì–´ë§ˆí•˜ë„¤ìš” x ì“°ë‹¤ ë„˜ì–´ì™”ë”ë‹ˆ ë” ì™€ë‹¿ë‚˜ë´ìš”.ê·¸ì¹˜ë§Œ ì¹´ë©”ë¼ í¬ê¸° ë³´ê³  í—›ì›ƒìŒì€ ë‚˜ì˜¤ë”ë¼ëŠ” ã…‹ã…‹ã…‹
224,  ìž„í˜„ìš°,í”„ë¡œì„¸ì„œê°€ ì¢‹ìœ¼ë©´ ì–´ë–¤ ë¶€ë¶„ì—ì„œ ì¢‹ì•„ì§€ì£ ?
225,  ì„œì§„,14ì‚¬ëŠ”ê²Œ ì¢‹ì„ê²ƒê°™ì€ë° ì•¡ì •ê¹¨ì§€ê³  í°ì„4ë…„ì´ë‚˜ì¼ë”ë‹ˆ ì• ê°€ ë§›ì´ê°€ê³ ìžˆì–´ì„œ 13í”„ë¡œì˜ˆì•½í–ˆìŠµë‹ˆë‹¤ã…  ë²„í‹¸ë¼í–ˆëŠ”ë° ë„ì €ížˆ ë²„í‹¸ìˆ˜ì—†ì–´ì„œã… ã…œ ì¹´ë©”ë¼ ì„¬ì´ í°ê²Œ ì•„ì‰½ê¸´í•©ë‹ˆë‹¤
226,  Macky Mode,"êµ¬í˜•SE ë¥¼ ë§ˆì§€ë§‰ìœ¼ë¡œ ê°¤ëŸ­ì‹œ ë¥¼ ì¨ì™”ëŠ”ë° ì•„ì´í° ì´ ì„±ëŠ¥ì ìœ¼ë¡œë„ ì´ì   ì•ˆë“œë¡œì´ë“œ ë³´ë‹¤ ì¢‹ë‹¤ëŠ”ê²Œ ì°¸ ì•„ì´ëŸ¬ë‹ˆ í•˜ë„¤ì§€ê¸ˆ ì“°ëŠ” ê°¤ëŸ­ì‹œ S10e ê°€ ê±°ì˜ ì™„ë²½ì— ê°€ê¹Œìš´ ëª¨ë¸ì´ë¼ ë°”ê¾¸ì§€ ì•Šê³  ìžˆëŠ”ë° ì•„ì´í° 13 ìœ¼ë¡œ ë°”ê¾¸ê³  ì‹¶ì€ ë§ˆìŒì´ ìƒê¸°ê¸° ì‹œìž‘í•´ì„œ ê³ ë¯¼ì¤‘...ê·¼ë° ë‹¤ì‹œ iOS ë¡œ ê°ˆ ìƒê°ì„ í•˜ë‹ˆê¹Œ ê¸°ë¶„ì´ ë§‰ë§‰í•˜ë‹¤...ì•„ì´íŒ¨ë“œ ëŠ” í•˜ë‚˜ ê³„ì† ì“°ê³ ìžˆì–´ì„œ iOS ëŠ” ê·¸ë ‡ê²Œ ë‚¯ì„¤ì§„ ì•Šì€ë°, ì•ˆë“œë¡œì´ë“œ ì— ë„ˆë¬´ ìµìˆ™í•´ì ¸ì„œ ì¢€ ë¶€ë‹´ìŠ¤ëŸ½ë‹¤S10e ëŠ” ì—…ë¬´ìš©ìœ¼ë¡œë„ ì“°ê¸°ë•Œë¬¸ì— ì‰½ì‚¬ë¦¬ ì•„ì´í°ìœ¼ë¡œ ë°”ê¾¸ê¸°ë„ ì¢€ ê·¸ë ‡ë„¤, ê·¼ë° í™•ì‹¤ížˆ ë°”í…Œë¦¬ ê°€ ì´ì œ ì¢€ ë¹¨ë¦¬ ë‹¤ëŠ”ê±° ê°™ê¸´í•´...ì•„ì´í° ìœ¼ë¡œ  ê°ˆê¹Œ? ë§ê¹Œ ê°ˆê¹Œ ë§ê¹Œ ê°ˆê¹Œ ã…..."
227,  ì•„í‚¤íŒ,ê·¸ëŸ¬ë©´ 13í•˜ê³  12í”„ë¡œë¥¼ ë¹„êµí•˜ë©´ ë­ê°€ ë” ì„±ëŠ¥ì´ ì¢‹ì€ê±´ê°€ìš”?
228,  ë¹¡ì„­BBAKSUP,13ì—ì„œ 120 ì£¼ì‚¬ìœ¨ ì§€ì›í•´ì¤¬ìœ¼ë©´ ìµœê³ ì¸ë°... ì†”ì°ížˆ 120 ì£¼ì‚¬ìœ¨ ê²½í—˜í•´ë³¸ ì‚¬ëžŒë“¤ì€ í¬ê¸°ëª»í• ë“¯ ã… 
229,  Nari Dvitsh,ì•„ì´í°6ì—ì„œ 13ìœ¼ë¡œ ê°ˆì•„íƒ€ë ¤ê³  ì£¼ë¬¸í–ˆëŠ”ë° ê°€ê²©ëŒ€ë¹„ ì„±ëŠ¥ì´ ìž˜ë‚˜ì˜¬ì§€ ê±±ì •ì´ë„¤ìš”
230,  ì´ì˜ì§„,í˜• ê³§ 200ë§Œì´ë„¤..100ë§Œ ë•Œë¶€í„° ê³„ì† ë³¸ êµ¬ë…ìžë¡œì„œ ëŠë‚Œì´ ìƒˆë¡­ë‹¤ ðŸ¤©ðŸ¤©
231,  Joel,ì§€ê¸ˆ ì•„ì´í°13 ì‹œë¦¬ì¦ˆì— ë…¸ìº” ê¸°ëŠ¥ì´ ì—†ì–´ì¡ŒìŠµë‹ˆë‹¤. ì´ê±° ì™œ ì´ìŠˆ ì•ˆë˜ëŠ”ì§€ ì´í•´ê°€ ì•ˆë˜ë„¤ìš”  í•¸ë“œí°ì—ì„œ ê°€ìž¥ ì¤‘ìš”í•œê²Œ í†µí™”í’ˆì§ˆì´ë¼ê³  ìƒê°í•˜ëŠ”ë° í˜„ìž¬ í†µí™”í’ˆì§ˆì´ ë…¸ìº” ê¸°ëŠ¥ì´ ì—†ì–´ì ¸ì„œ ìƒë‹¹ížˆ ë–¨ì–´ì¡Œë‹¤ê³  ë´…ë‹ˆë‹¤. ì´ê±° ë‹¨ìˆœ ios ë²„ê·¸ì¸ì§€ ì§„ì§œ ê³µì‹ì ìœ¼ë¡œ ì‚­ì œ í•œê±´ì§€ ì•Œ í•„ìš”ê°€ ìžˆë‹¤ê³  ë´…ë‹ˆë‹¤
232,  Joon,"ì•„ì´í° 120í”„ë ˆìž„í•˜ë©´ ë°°í„°ë¦¬ ë”ë¨¹ì„ì¤„ ì•Œì•˜ëŠ”ë°, ì–´ížˆë ¤ 60í”„ë ˆìž„ë³´ë‹¤ ë°°í„°ë¦¬ ëœë¨¹ëŠ”ë‹¤ëŠ”ê±°ë³´ê³  ê°¤ëŸ­ì‹œëž‘ ì°¨ì´ê°€ ë„˜ì‚¬ë²½ì´ëž€ê±¸ ëŠë‚Œ"
233,  e gon,ì§„ì§œ ì•„ì´í° ì´ì˜ê¸´í•˜ë„¤ ì´ë²ˆì— 13ìœ ê´‘ì´ í›¨ ì´ìœë“¯
234,  PARK Enjo,í”„ë¡œë¥¼ ì‚¬ì•¼í•˜ëŠ” ì´ìœ  ì¹´ë©”ë¼ ë§ì›ê³¼ ì•¼ê°„ëª¨ë“œ ì§€ì›120hz ì§€ì› ê·¸ ì™¸ ë”±ížˆ ì°¨ì´ ì ì´ ì—†ìŒ ë‘˜ ë‹¤ ì¢‹ì€ í°
235,  oluj9987,ìž‡ì„­ë‹˜ ì•„ë¬´ë¦¬ ì°¾ì•„ë´ë„ ë‚˜ì˜¤ì§€ ì•Šì•„ ì§ˆë¬¸í•´ ë´…ë‹ˆë‹¤12:50 í”„ë¡œëª¨ë¸ ì‚¬ì´ë“œì— ìžˆëŠ” ì• í”ŒíŽœìŠ¬ì„ ë¶™ì´ê³  ì‹¶ê²Œ ìƒê¸´ ë§ˆê·¸ë„¤í‹± ì»¤ë„¥í„°? ì˜ ìš©ë„ëŠ” ë¬´ì—‡ì¸ê°€ìš”?
236,  í•´ê³¨íƒˆê³¨,ì˜ˆì „ í¼ì‹œí”½ ë¸”ë£¨ì€ ì§„ì§œ ìš©ë‹¬ ë¸”ë£¨ì´ê¸´ í–ˆìŒ
237,  Sean Jeong,"ê°¤ëŸ­ì‹œ ë…¸íŠ¸ 10 ì“°ë‹¤ê°€ ì•„ì´í° 13 í”„ë¡œ ê°ˆì•„ íƒ”ëŠ”ë° í”„ë¡œê°€ ë” ë‘ê»ê³  ë¬´ê²ê²Œ ëŠê»´ì§€ë„¤ìš”. ê°¤ëŸ­ì‹œ ìž¥ì ì¸ ì‚¼ì„± íŽ˜ì´, ì•ˆë“œë¡œì´ë“œ ìœ íŠœë¸Œ ê¸°ëŠ¥, êµ¬ê¸€ ìº˜ë¦°ë” User Interfaceì„ ì•„ì´í°ì—ì„  ëª»ì“°ëŠ”ê±´ ì•„ì‰½ì§€ë§Œ ì•„ì´í° 13í”„ë¡œ ê´œì°®ì€ê±° ê°™ì•„ìš”. 2ë…„í›„ì—” ì‚¼ì„±ìœ¼ë¡œ ë‹¤ì‹œ ê°ˆì•„ íƒ€ì•¼ì£ . ì‚¼ì„± íŽ˜ì´ ë•Œë¬¸ì—"
238,  ê¹€ì¤€í˜•,ë²¨ë²³2í”„ë¡œ ì–¸ë°•ì‹± ìž˜ ë´¤ìŠµë‹ˆë‹¤.í˜¹ì‹œ ì—˜ì§€ Vì‹œë¦¬ì¦ˆ ë§ˆì§€ë§‰ ì œí’ˆì¸ V60ë„ ë¦¬ë·° ê°€ëŠ¥í• ê¹Œìš”?
239,  ì•žë‚ ì°½ì°½,ê°€ì„±ë¹„ ë…¸íŠ¸ë¶ì´ë‚˜ ì¼ë°˜ ë…¸íŠ¸ë¶ì´ë¼ë„ ë¦¬ë·° ë¶€íƒë“œë ¤ìš”!!
240,  K K,ê·¸ëž˜ë„ ì• í”Œì´ ë””ìžì¸ì€ ê¹”ë”í•´ ã…‡ã…‡..
241,  ì˜¤ë™í†µí†µ,ë¦¬í¼ ë°›ìœ¼ëŸ¬ ê°„ê¹€ì— 13 proë“¤ì–´ ë´¤ëŠ”ë° ì™€ ì§„ì§œ ë¬´ê²ë„¤ì˜€ìŒ ã…‹ã…‹ ì‹œë¸” ì´ì˜ê¸´ ì§„ì§œ ì´ì¨ ã…Žã…Ž
242,  ì§€ìŠ¹í˜„,ì €ëŠ” ê°¤ë…¸íŠ¸4 7ë…„ì“°ê³  ë“œë””ì–´ ëˆ ëª¨ì•„ì„œ ìžê¸‰ì œë¡œ ê°ˆì•„ íƒ‘ë‹ˆë‹¤!!! í•˜ì§€ë§Œ ì•„ì§ 13 ì´ëž‘ 13proì¤‘ì— ê²°ì •ì„ ëª»í–ˆìŠµë‹ˆë‹¤ã…  ë¹„ìŠ·í•˜ë©´ì„œë„ ì°¨ì´ì ì´ ê½¤ ìžˆëŠ”ê²ƒ ê°™ì•„ì„œ ê²°ì •í•˜ê¸° íž˜ë“œë„¤ìœ  ã…‹ã…‹ã…‹
243,  ìµœhighest,"í”„ë¡œ,í”„ë¡œë§¥ìŠ¤ ë„ˆë¬´ ë¬´ê±°ì›Œì„œ ê³„ì† ë“¤ê³  ë‹¤ë‹ˆë©´ ì†ëª© ë‚˜ê°ˆê±° ê°™ì•„ 13ìœ¼ë¡œ ê°‘ë‹ˆë‹¤. ì•„ì´í°6ì“°ë‹¤ê°€ ì•„ì´í°X ê°”ì„ ë•Œ ë„ˆë¬´ ë¬´ê²ë‹¤ê³  ëŠë‚€ ì¼ì¸ìž…ë‹ˆë‹¤."
244,  ê¹€íƒœìš©,ì§„ì§œ ì‹œì—ë¼ ë¸”ë£¨ ìƒ‰ìƒì´ ê³ ë¯¼í•˜ê²Œ ë˜ëŠ” ê°€ìž¥ í° ì´ìœ 
245,  ê¹€ì‹œì›,"ì•„ì´í°13 ì¸ê¸°ì— ë¬¼ëŸ‰ ë¶€ì¡±ì´ ì•„ë‹ˆë¼, í˜„ìž¬ ì¤‘êµ­í˜„ì§€ ì „ë ¥ë‚œì— ê³µìž¥ ê°€ë™ìœ¨ì´ ë°”ë‹¥ì„ ì¹˜ê³  ìžˆì–´ì„œ ê·¸ëŸ°ê²ë‹ˆë‹¤."
246,  Craft Studio AURORA,ë§¥ìŠ¤ì‚¬ì´ì¦ˆì— ì¼ë°˜ìŠ¤íŽ™ìœ¼ë¡œ ë‚˜ì˜¤ë©´ ì¢‹ê² ëŠ”ë°ã…œã…œ
247,  ê¹€ìš©ê²½,í™ˆ ë²„íŠ¼ì„ ì• ì •í•˜ëŠ” ê´€ê³„ë¡œ se3ê°€ ë‚˜ì˜¬ì§€ëŠ” ëª¨ë¥´ê² ì§€ë§Œ ì¡´ë²„í•´ ë´…ë‹ˆë‹¤.
248,  ì´í•œë‚˜,11pro í˜„ìž¬ ë„ˆë¬´ ë§Œì¡±í•˜ë©´ì„œ ì“°ê³  ìžˆëŠ”ë°â€¦ì¡´ë²„í•´ì„œ 14pro ê°€ë µë‹ˆë‹¤â€¦ã… ã…  ê·¸ë•Œê¹Œì§€ ìž˜ ë²„í…¨ì£¼ê¸¸ðŸ˜‚ðŸ˜‚
249,  ì´ì—ë¦­,ë…¸íŠ¸20 ìš¸íŠ¸ë¼ ì“°ë‹¤ê°€ 13ì„ë¡œ ë„˜ì–´ì™”ëŠ”ë° ì£¼ì‚¬ìœ¨ ì°¨ì´ëŠ” ì†”ì§ížˆ ìž˜ ëª¨ë¥´ê² ë„¤ìš” ì œê°€ ë‘”í•œ íŽ¸ë„ ì•„ë‹Œë° xsë¥¼ ì“°ë‹¤ê°€ ë„˜ì–´ê°„ê±°ë¼ 13ë„ ì¢‹ê¸´í•œë° xs ì—ì„œ ë­ê°€ë¹ ë€ì§€ë„ ëª¨ë¥´ê² ê³ êµ¿ë½ ì“°ë‹¤ê°€ ë„˜ì–´ì˜¤ë‹ˆ ì•„ì´í°ì´ ë‹µë‹µí•˜ê²Œ ëŠê»´ì§€ë„¤ìš”â€¦ì•±ë“±ì´ì¸ ì œê°€ ê°¤ëŸ­ì‹œê°€ ë” íŽ¸í•˜ê²Œ ëŠë‚„ì¤„ì€ ëª°ëžëŠ”ë° í™˜ë¶ˆí•˜ê³  ë‹¤ì‹œ ë°”ê¿€ê¹Œ ìƒê°ì´ ë“¤ì •ë„ë„¤ìš”.
250,  BA Y,XR 194ê·¸ëžŒì´ ë¬´ê±°ì›Œì„œ 13ìœ¼ë¡œ ë„˜ì–´ ê°”ëŠ”ë°... ë„ˆë¬´ ê°€ë³ê³  ì¢‹ë„¤ìš”...
251,  Chu reup,8ì—ì„œ 13proë¡œ ê°ˆì•„íƒ”ì–´ìš”. ë’¤ì§‘ì–´ì§€ê²Œ ì¢‹ë„¤ì—¬
252,  ìœ ë´‰ì†¡,6:43 13pro ì‚¬ìš©ì¤‘ìž…ë‹ˆë‹¤. ì˜ìƒ ë³¼ ë•Œ ë¯¸ì„¸í•˜ê²Œ ë…¸ì¹˜ ê±¸ì¹œê±° ì „í˜€ ëª¨ë¥´ê³ ìžˆì—ˆëŠ”ë° ìž‡ì„­ë‹˜ ë•ì— ë°©ê¸ˆë¶€í„° ê±°ìŠ¬ë¦¬ê²Œ ë˜ì—ˆì–´ìš” ê°ì‚¬í•´ìš”ðŸ˜‰
253,  ê¹€íƒœìš±,12ë¼ 13ëŠ” í•„ìš”ì—†ì–´ë³´ì´ë„¤ìš© ë³„ì°¨ì´ê°€ ì—†ì–´ì„œ ë„ì›€ ê°ì‚¬í•©ë‹ˆë‹¤!!
254,  ë¯¼ì •í˜¸,ìˆ ê¸°ìš´ì— í”„ë¡œë¡œ ì£¼ë¬¸í–ˆëŠ”ë° ìž˜ì‚°ê±° ê°™ë„¤ìš”.. ì‹¤ë²„ë¡œ ì£¼ë¬¸í•œê±° ê°™ì•˜ëŠ”ë° ì‹œì—ë¼ë¸”ë£¨ë¡œ ì™€ì„œ ì¡°ê¸ˆ ë‹¹í™©í–ˆëŠ”ë° ë³´ë‹¤ë³´ë‹ˆ ì˜ˆì˜ê¸°ë„í•´ì„œ ê·¸ëƒ¥ ì“°ê³  ìžˆìŒ
255,  ê¹€ì„±í˜„ìƒ˜,"13í”„ë¡œ ì¹´ë©”ë¼ê°€ 13í”„ë¡œë§¥ìŠ¤ì™€ ë™ê¸‰ì´ë¼ëŠ” ë§ì€13í”„ë¡œ ì¹´ë©”ë¼ê°€ 12í”„ë¡œë§¥ìŠ¤ë¥¼  ëŠ¥ê°€í•œë‹¤ëŠ” ì†Œë¦¬ì¸ë°,14ë§Œì› ëˆ êµ³ì—ˆë„¤ìš” ã…Ž"
256,  ì‘ì‘,í”„ë¡œì—ì„œ 120ì„ ì“°ì§€ ì•Šê³  60ìœ¼ë¡œ ì“°ë©´ ë°°í„°ë¦¬ê°€ ì ˆì•½ë˜ê¸´ í•˜ê² ì£ ?
257,  ê·¼ê¹€ë„,12í”„ë¡œê°€ ë² í„°ë¦¬ë§Œ ì¢‹ì•˜ìœ¼ë©´ ã„¹ã…‡
258,  kraud lqis,ì™€ ì§„ì§œ ì‹œì›í•˜ê²Œ ìž˜ ê¸ì–´ì£¼ì‹ ë‹¤ ê°ì‚¬í•©ë‹ˆë‹¤ :D
259,  iDevBrandon,"ì´ë²ˆ ë‚˜ì˜¬ ë§¥ë¶, ë˜ ì• í”Œ ë§¤ì¶œ ì‚¬ìƒìµœê³ ì¹˜ ê²¬ì¸ ì˜ˆìƒí•©ë‹ˆë‹¤ ã…‹ã…‹ ì €ë„ ì‚´ ì˜ˆì • ã…Žã…Ž M1X 16ì¸ì¹˜"
260,  HERMES,ì¼ë°˜ìœ ì ¸ì´ê³  ì•„ì§ í…ì•Œ ì‚¬ìš©ìžìž…ë‹ˆë‹¤ë§Œ...ê°œì¸ì ìœ¼ë¡œ ì²´ê°í•˜ê¸° íž˜ë“œë„¤ìš” ì „ì²´ì ìœ¼ë¡œ ì €ëŠ” 15ì—ì„œ ë³¼ìƒê°ìž…ë‹ˆë‹¤ ì•„ì§ê¹Œì§€ ë©€ì©¡í•˜ê³  ì“°ê¸°ì—” ì•„ë¬´ì´ìƒì—†ê³  ë­....ëž¨ì€ ì§„ì§œ ë„ˆë¬´í•˜ë„¤ìš” ã…‹ã…‹ ì œê°€ ì“°ëŠ” í…ì•Œì´3ê¸°ê°€ì¸ë° ë¦¬ë·° ìž˜ë´£ìŠµë‹ˆë‹¤
261,  Exodus9:16,12pro ì“°ëŠ” ìž…ìž¥ì—ì„œ.. ì‹œì—ë¼ë¸”ë£¨ ìƒ‰ê¹” ì¡¸ë¼ì˜ˆìœê±° ë§ê³  ë•¡ê¸°ëŠ” ìš”ì†Œ 1ë„ ì—†ìŒ
262,  kolengu,ì•„ì´íŒ¨ë“œ ì—ì–´4 ì“°ê³ ìžˆì–´ì„œ ì—­ì²´ê° ì•ˆë‚˜ë„ë¡ 13ì‚¬ëŠ”ê²Œ ë§žëŠ”ê±° ê°™ì€ë° ì‹œì—ë¼ë¸”ë£¨ ìƒ‰ê¹”ë•Œë¬¸ì— í¬ê¸°ë¥¼ ëª»í•˜ê² ë„¤ìš”ã… ã… 
263,  Ruda1217,Xì“°ë‹¤ê°€ 4ë…„ ë„˜ìœ¼ë‹ˆ ì´ì œ ë§›ì´ ê°€ì„œ ã…  13í”„ë¡œë¡œ ê°ˆì•„íƒ”ìŠµë‹ˆë‹¤ ã…Žã…Ž ë°°ì†¡ ê¸°ë‹¤ë¦¬ê³  ìžˆì–´ìš” ã…Ž
264,  JeeP,12ë¥¼ ì“°ê³  ìžˆë‹¤ë©´ êµ³ì´ 13ìœ¼ë¡œ ê°ˆ í•„ìš”ê°€ ì—†ë‹¤ëŠ” ë§ì´êµ°ìš”? ì˜ìƒ ìž˜ ë´¤ìœ¼ë©° ì¡´ë²„ 14 í•˜ê² ìŠµë‹ˆë‹¤.
265,  Crane DR.,ì™€ ë‚˜ì™”ë‹¤.. ë“œë””ì–´ ì˜¤ëž˜ ê¸°ë‹¤ë ¸ìŠµë‹ˆë‹¤.. ã… ã… 
266,  ì´ë¦„,ì™€.. ì‚¼ì—½ì¶©ì´ê³  ì• í”Œ ì§„ì§œ ì‹«ì–´í•˜ê³  ìš•í–ˆëŠ”ë° ìž‘ë…„ì— bang! ë…¸ëž˜ ê´‘ê³ ë³¸ ì´í›„ë¡œ ì• í”Œ ì¢€ ì¢‹ì•„ì¡Œë‹¤ê°€ ê·¸ëž˜ë„ ê°¤ëŸ­ì‹œë§Œ ì—´ì‹¬ížˆ ì°¾ì•„ë³´ê³  ê°¤ëŸ­ì‹œë¹ ì˜€ëŠ”ë° ìš”ì¦˜ ê°‘ìžê¸° ë˜ ë‹¤ì‹œ ì• í”Œ ì¢‹ì•„ì§€ë„¤.. ì¼ë‹¨ ë‚˜ì¤‘ì— ì• í”Œë¡œ ê°ˆì•„íƒ€ì•¼ê² ë‹¤.. ë‚´ë…„ì— ê°¤íƒ­s8ìš¸íŠ¸ë¼ëž‘ í”Œë¦½4ì‚´ ì˜ˆì •ì´ë¼ ì´ê±°ë‹¤ìŒì— ê°ˆì•„íƒ€ì•¼ê² .. ã…‹ã…‹ ì• í”Œì€ ì œí’ˆì€ ì‚¬ê³ ì‹¶ì€ë° ì•¡ì„¸ì„œë¦¬ê°€ ë„ˆë¬´ ë¹„ì‹¸ì„œ ì‚¬ê³ ì‹¶ì€ ë§ˆìŒì´ ì¤„ì–´ë“¦.. ã… ã…  ì œí’ˆë§Œí¼ì€ ë¹„ì‹¸ë„ ì‚¬ê³ ì‹¶ë‹¤ëŠ” ë§ˆìŒì´ ë“¤ì–´ë„ ì•¡ì„¸ì„œë¦¬ëŠ” ë¹„ì‹¸ë©´ ë­”ê°€ ì‚¬ê¸° êº¼ë ¤ì§€ëŠ”.. í‘..
267,  LOVEBOUM,I still went to iPhone 13 pro. No regrets of buying this
268,  ë°•ë¯¼í˜¸,í˜• í”„ë¡œëž‘ í”„ë¡œë§¥ìŠ¤ë„ ì°¨ì´ ì°ì–´ì£¼ì„¸ìš” ã…Žã…Ž
269,  Paul Kim,ì•„ì´í°ì´ í”„ë¦¬ë¯¸ì—„ë¸Œëžœë“œë‹µê²Œ ë””ìžì¸ì´ ìž˜ì•ˆë°”ê»´ì„œ ã…ˆë‚˜ ì¢‹ì•„ ì „í°ë“¤ì´ êµ¬í˜•ê°™ì§€ê°€ ì•Šì–´~ã…Žã…Ž
270,  ì´í•˜ë‚˜,ì¸íŠ¸ë¡œ ë„ˆë¬´ ìž¬ë°Œì–´ìš”! ì—­ì‹œ ìž˜ë˜ëŠ” ì‚¬ëžŒì€ ì´ìœ ê°€ ìžˆì–´
271,  ê¹€ì˜¤ì¦ˆ,12ë„ ì¶©ë¶„í•œë° íŒ¨ë“œë¥¼ í”„ë¡œë¡œ ì“°ë‹¤ë³´ë‹ˆê¹ í°ìœ¼ë¡œë„ 120hz ì“°ê³  ì‹¶ì–´ì„œ ë„˜ì–´ê°€ë„¤ìš”
272,  ìµœì •ìˆ˜,"ì‚¬ì´ì¦ˆê°€ ì¢€ ê·¹ê³¼ ê·¹ì¸ ê±° ê°™ì•„ìš”. ë¯¸ë‹ˆëŠ” ë„ˆë¬´ ìž‘ê³  í”„ë¡œëŠ” ì• ë§¤í•˜ê³ , ê°œì¸ì ìœ¼ë¡œ ë¯¸ë‹ˆëŠ” 5.8ì¸ì¹˜. ì¼ë°˜ì€ 6.1ì¸ì¹˜. í”„ë¡œëŠ” 6.5ì¸ì¹˜. í”„ë¡œ ë§¥ìŠ¤ëŠ” 6.7ì¸ì¹˜ ì •ë„ë©´ ë‹¤ì–‘í•´ì„œ ì„ íƒì˜ í­ì´ ë„“ì–´ì„œ ê´œì°®ì§€ ì•Šì„ê¹Œ ìƒê°ë˜ë„¤ìš”. ì•„ì‰¬ìš´ ê±´ 12ì‹œë¦¬ì¦ˆë¶€í„° í…Œë‘ë¦¬ê°€ ê°ì¡ŒëŠ”ë° 11 ì‹œë¦¬ì¦ˆì²˜ëŸ¼ ë‘¥ê·¼ í…Œë‘ë¦¬ì˜€ìœ¼ë©´ ê´œì°®ì§€ ì•Šì•˜ì„ê¹Œ ìƒê°ë©ë‹ˆë‹¤. ë§Œì•½ì´ì§€ë§Œ ì•„ì´í°12 ë¯¸ë‹ˆì™€ ì•„ì´í°13 í”„ë¡œ ë°°í„°ë¦¬ ì°¨ì´ëŠ” ì—„ì²­ë‚˜ê² ë„¤ìš”."
273,  ì•ŒPAKA,"ì €ëŠ” ì¹´ë©”ë¼ë¥¼ ìž˜ ì“°ì§€ ì•Šë‹¤ ë³´ë‹ˆ ìš”ì¦˜ì˜ ì¹´ë©”ë¼ ê²½ìŸì´ ì¢€ ê³¼í•˜ë‹¤ê³  ëŠê»´ì§€ë„¤ìš”. ìˆ˜ìš”ê°€ ë§Žìœ¼ë‹ˆ ì¹´íˆ­íŠ€ë¥¼ ê°ìˆ˜í•˜ê³ ì„œë¼ë„ ì§ˆì„ ë†’ì´ëŠ” ê±°ê² ì§€ë§Œ, ì €ëŠ”... ì• í”Œë„ ì‚¼ì„±ë„ ì¹´ë©”ë¼ê°€ ë„ˆë¬´ ë§ˆìŒì— ì•ˆë“¤ì–´ì„œ ê³ ë¯¼ì´ì—ìš”."
274,  í•‘í•‘ì´,ìž‡ì„­ë‹˜ í˜„ìž¬ 12í”„ë¡œ ì‚¬ìš©ì¤‘ì¸ë° Z í”Œë¦½3ë¡œ ê°ˆì§€ 13PROë¡œ ê°ˆì§€ ê³ ë¯¼ì¤‘ìž…ë‹ˆë‹¤. ìž‡ì„­ë‹˜ì´ë¼ë©´ ë‘˜ì¤‘ ë­ê°€ ë•¡ê¸°ì‹œë‚˜ìš©
275,  JW Jung,í”„ë¡œ.ì¼ë°˜ ê³ ë¯¼í•˜ë‹¤ê°€ ì´ë¯¸ 13ì¼ë°˜ ì“°ëŠ”ì¤‘ì´ì§€ë§Œ ì˜ìƒë³´ê³  ì •ì‹ ìŠ¹ë¦¬í•©ë‹ˆë‹¤ ã…Žã…Ž
276,  í™ìƒˆìš°,íœ´ëŒ€í° ì¹´ë©”ë¼ë¥¼ ë§Žì´ ì“°ëŠ” íŽ¸ì´ë¼ proë¡œ ë§ˆìŒì´ ê¸°ìš¸ì—ˆë‹¤ê°€ ì „ë¬¸ì ìœ¼ë¡œ ì“°ëŠ” ëŠë‚Œë„ ì•„ë‹ˆê³ ... ì§€ê¸ˆ 11 ì“°ëŠ”ë° 13í”„ë¡œê°€ 9g ë” ë¬´ê±°ì›Œì„œ ê°€ë²¼ìš´ í°ìœ¼ë¡œ ë„˜ì–´ê°€ê³  ì‹¶ì–´ì„œ 13ì„ ì‚¬ì•¼í•˜ë‚˜ ì‹¶ì–´ìš”ã… ã… ì‚¬ì‹¤ìƒ 120hzë¥¼ ê²½í—˜í•´ë³¸ ì ì´ ì—†ì–´ì„œ í¬ê²Œ ì²´ê°í•˜ì§€ë„ ëª»í•  ê²ƒ ê°™ê³ ...ê·¼ë° ë˜ ì´ì™• ì“°ëŠ” ê±° ì¢‹ì€ ê²Œ ë‚«ì§€ ì•Šì„ê¹Œ! ê·¸ë ‡ì§€ë§Œ ê·¸ë§Œí¼ì˜ ë¹„ìš©ì„ ì§€ë¶ˆí•˜ê³  ì‚´ ë§Œí¼ ì´íƒ€ì ì¸ê°€!ì„ íƒìž¥ì• ëŠ” ì´ëŸ° ì˜ìƒì„ ì‹­ìˆ˜ê°œë¥¼ ì°¾ì•„ë³´ê³ ë„ ì„ íƒì„ ëª»í•´ì„œ ë¨¸ë¦¬ë¥¼ ì¥ì–´ëœ¯ìŠµë‹ˆë‹¤ã… ã…‹ã…‹ã…‹ã…‹
277,  ë³´ë¼ë„ë¦¬,12í”„ë¡œì“°ê³  ìžˆëŠ”ë° 13í”„ë¡œëŠ” í•œë²ˆ ê±´ë„ˆë›°ì–´ë„ ë˜ê² ì§€ë¼ê³  ìŠ¤ìŠ¤ë¡œ ìœ„ë¡œí•˜ê³  ìžˆìŠµë‹ˆë‹¤ ìžê¾¸ ì°¾ì•„ë³´ê²Œ ë˜ë„¤ìš”
278,  siroganes tab,ì°¸ ì†Œí”„íŠ¸ì›¨ì–´ê°€ ê°•í•˜ë‹¤ëŠ”ê²Œ ì–¼ë§ˆë‚˜ í° ì´ìµì„ ê°–ë‹¤ì£¼ëŠ”ì§€..... ì•„ì´í°ì´ë¼ëŠ” ì œí’ˆì—ì„œ ëŠê»´ì§‘ë‹ˆë‹¤...ì‚¼ì„±ë„ ì¢€ë” ì†Œí”„íŠ¸ì›¨ì–´ì— íž˜ì„ ì¼ìœ¼ë©´ ì¢‹ê² ë„¤ìš”
279,  ìµœì˜ì¤€,13í”„ë¡œ ì‹œì—ë¼ë¸”ë£¨ ì“°ëŠ”ë° ìƒê°ë³´ë‹¤ ì˜ˆë»ì„œ ë§Œì¡±ì¤‘ìž„ë‹¤
280,  Kies,13ì´ëž‘ í”„ë¡œëž‘ ê³ ë¯¼í•˜ë‹¤ê°€ í”„ë¡œë¡œ í–ˆëŠ”ë° ìž˜í•œ ëŠë‚Œ.
281,  Ample Glow,"ê¸°ì™• 100ë§Œì›ë„˜ê²Œ ì“°ëŠ”ê±° í”„ë¡œë¥¼ ì‚¬ê³ ì‹¶ì§€ë§Œ ë§¤ë¬¼ì´ ì—†ê³ , ì˜ìƒì´ë‚˜ ì‚¬ì§„ì´¬ì˜ì„ ê·¸ë ‡ê²Œ ë§Žì´ í•˜ëŠ”ê±´ ì•„ë‹ˆë¼ì„œ êµ³ì´ í”„ë¡œê°€ í•„ìš”í•œê±´ ì•„ë‹ˆì§€ë§Œ 120í”„ë¡œëª¨ì…˜ì´ ì•„ì‰¬ì›Œ ì—„ì²­ê³ ë¯¼ì¤‘...."
282,  á•á‹á¬ááŽ¶áŽ©á¬áØª,"ì œ ìƒê°ì—ëŠ” ì‚¬ì§„ ì—„ì²­ ë§Žì´ ì•ˆì°ëŠ” ì‚¬ëžŒì´ë©´ ì¼ë°˜ì¸ë“¤ì—ê² 13ë„ ì¶©ë¶„í•˜ë‹¤ê³  ë´…ë‹ˆë‹¤. ì•„ì§ê¹Œì§„ 13ì„ ë”°ë¼ì˜¬ìˆ˜ìžˆëŠ” í°ì´ ì—†ì–´ì„œ.. 13ë„ ì„±ëŠ¥ ê´œì°®ìœ¼ë‹ˆ ì˜ìƒ, ì‚¬ì§„ ìžì£¼ ì°ëŠ” ì‚¬ëžŒì´ ì•„ë‹ˆë©´ 13ë„ ê´œì°®ìŠµë‹ˆë‹¤."
283,  ì •ë¯¼ì„±,ê°¤ëŸ­ì‹œ ë…¸íŠ¸10+ > 13í”„ë¡œë¡œ ì™”ëŠ”ë° í™”ë©´ ì§„ì§œ ë„ˆë¬´ ë¶€ë“œëŸ½ë„¤ìš” ã…‹ã…‹ã…‹ã…‹ã…‹ ê± ì´ê±°ë§Œ í•´ë„ ë„ˆë¬´ ë§Œì¡±í•¨
284,  ì´ë¦„ì—†ìŒ,7+ ì‚¬ìš©ìžì¸ë°ìš”. ì´ë²ˆë‹¬ì— 13ìœ¼ë¡œ ê°ˆì•„íƒ€ì•¼ê² ë„¤ìš”. êµ³ì´ í”„ë¡œê¹Œì§€ëŠ” ì•ˆì‚¬ë„ ë˜ê² ë„¤ìš”. ì¢‹ì€ ì˜ìƒ ê°ì‚¬í•©ë‹ˆë‹¤.
285,  ì´í˜„êµ¬,ì•„ì´íŒ¨ë“œ ì—ì–´4 vs ì•„ì´íŒ¨ë“œ ë¯¸ë‹ˆ 6 vs proë“¤ë„ ë¹„êµí•´ì£¼ì„¸ìš”
286,  Dan Lee,120 í”„ë ˆìž„ì˜ ë¶€ë“œëŸ¬ì›€ + ë³€ê°•ì‡  ë°°í„°ë¦¬ ë•Œë¬¸ì—ë§Œì¡±ë„ ì—„ì²­ ë†’ìŒ xs ì“°ë‹¤ ë„˜ì–´ì™€ì„œ ê·¸ëŸ°ì§€ ëª°ë¼ë„ ì •ë§ ë°°í„°ë¦¬ ì˜¤ëž˜ê°
287,  í•œë‚˜ë¹„,13í”„ë¡œ ì–¸ë°•ì‹±í•˜ìžë§ˆìž ëŠë¼ëŠ”ê±° ì™€.. ì¹´ë©”ë¼ ã…ˆã„´í¬ë‹¤.. ê·¼ë° ì„±ëŠ¥ì€ í™•ì‹¤íž˜
288,  í˜„ë§¤ë°˜ì˜,ë‹¤ë“¤ í”„ë¡œ ì¢‹ë‹¤í•´ì„œ 13í”„ë¡œ ì‹œë¸” ìƒ€ëŠ”ë° í‰ì†Œì— ì‚¬ì§„ ë™ì˜ìƒë„ ìž˜ ì•ˆì°ê³  ì¹´ë©”ë¼ ì„¬ë„ ì§•ê·¸ëŸ½ê³ â€¦ì‹œë¸” ìƒ‰ìƒì€ ì‹¤ì œë¡œë³´ë‹Œê¹ ë¬¼ë¹ ì§„ íŒŒëž‘ì¸ë° ìƒ‰ë„ ë³„ë¡œë”ë¼êµ¬ìš” 120hzë„ ì¼ì£¼ì¼ì •ë„ì“°ë‹Œê¹ ë³„ ëŠë‚Œë„ ì—†ê³  ë¬´ê²Œë„ 30gì´ë‚˜ ë¬´ê±°ì›Œì„œ ì†ëª©ì•„í”„ê³  ê·¸ëž˜ì„œ íŒ”ê³  13ì¼ë°˜ìœ¼ë¡œ ìƒ€ëŠ”ë° ê°€ë³ê³  ê·€ì—½ê³  ì‹ ì„¸ê³„ë„¤ìš”ã… ã…  ì²˜ìŒë¶€í„° ì¼ë°˜ì‚´ê±¸ í›„íšŒ~
289,  Sharmiìƒ¤ë¯¸,ê³¨ë“œìƒ‰ìƒ ì§„ì§œ ìž˜ë½‘ì€ê±°ê°™ì•„ìš” ã…Žã…Žã…Ž
290,  ë°•ì£¼í˜„,ì´ë²ˆì— ë¯¸ë‹ˆì—ë„ ë¸”ë£¨ì»¬ëŸ¬ê°€ ë‚˜ì˜¤ê¸¸ ê¸°ëŒ€í–ˆëŠ”ë° ì—†ìœ¼ë‹ˆ ë” ê³ ë¯¼ë˜ë„¤ìš”ã…œã…œì‹œì—ë¼ë¸”ë£¨ ì•„ì´íŒ¨ë“œë¯¸ë‹ˆ ë‚˜ì™€ì£¼ë¼ã…œã… 
291,  ì„¤í–¥,11ê¹Œì§„ 'í•œêµ­ì¸ì€ ë¬´ì¡°ê±´ ì¢‹ì€ê±°' ë¼ëŠ” í—›ì†Œë¦¬ í•˜ë©´ì„œ í”„ë¡œë¥¼ ê³ ì§‘í–ˆëŠ”ë°ì´ì œë¶€í„´ ê·¸ëƒ¥ ë ˆí¼ëŸ°ìŠ¤ ì‚¬ë„ ê´œì°®ì„ë“¯..ì„±ëŠ¥ì´ ì ì  ì¼ë°˜ì¸ ë²”ì£¼ë¥¼ ë„˜ì–´ì„œëŠ” ëŠë‚Œ ã…Žã…Ž
292,  ìœ¨ì´,í”„ë¡œ ì˜ˆì•½ ê±¸ì–´ë‘ê¸¸ ìž˜í–ˆë„¤ìš” ê¸°ëŒ€ë©ë‹ˆë‹¤
293,  Beiper,"í•­ìƒ ëŠë¼ëŠ”ê±´ë° ì•„ì´í° ì¼ë°˜ë¼ì¸ì€ ë­”ê°€ ì•„ì‰½ê²Œ í•˜ë‚˜ì´ìƒì´ ë¶€ì¡±í•˜ê³  í”„ë¡œë¼ì¸ì€ ë­”ê°€ í•­ìƒ í•˜ë‚˜ì´ìƒì´ ê³¼í•œëŠë‚Œì´ì—ìš”,,,,ã…‹ã…‹"
294,  ê°•ìœ ë¯¼,XRì„ ê±°ì˜ ì¶œì‹œ ë•Œë¶€í„° ì‚¬ìš© ì¤‘ì¸ë° 12 ì¶œì‹œ ë•Œ ë§˜ì— ë“œëŠ” ê²Œ ì—†ì–´ì„œ ë°”ê¾¸ì§€ ì•Šê³  ì´ë²ˆì— ë°”ê¾¸ë ¤ëŠ”ë° ë‹¨ìˆœížˆ ì‹œì—ë¼ ë¸”ë£¨ ìƒ‰ìƒì´ ë§˜ì— ë“¤ê³  XR ë’·ë©´ì´ ìœ ê´‘ì´ë‹¤ ë³´ë‹ˆ ë’·ë©´ì´ ë¬´ê´‘ì¸ ê±¸ë¡œ ë°”ê¾¸ê³  ì‹¶ì–´ì„œ í”„ë¡œë¡œ ë°”ê¾¸ë ¤ í•˜ëŠ”ë° ì–´ë–»ê²Œ í•˜ëŠ” ê²Œ ì¢‹ì„ê¹Œìš”? ì°¸ê³ ë¡œ ì¹´ë©”ë¼ëŠ” ì•„ì˜ˆ ì‚¬ìš©í•˜ì§€ ì•ŠìŠµë‹ˆë‹¤
295,  í‚¹ì•Œì§±ë“œë¦¬ë“œ,ê°ì‚¬í•©ë‹ˆë‹¤ ã…œã…œ ë¯¸ë‹ˆ6ì€ ë¬´ì¡°ê±´ ì‚¬ë ¤ê³  í–ˆëŠ”ë° í°ì€ 13ê°ˆì§€ í”„ë¡œê°ˆì§€ ì§„ì§œ ê³ ë¯¼ì¤‘ì´ì—ˆëŠ”ë°
296,  ë°•ë¦¬ë‚˜,ê²°êµ­ 120hz ë•Œë¬¸ì— í”„ë¡œë¡œ êµ¬ìž…í–ˆë„¤ìš”. ë‹¤ë¥¸ ìŠ¤íŽ™ë“¤ì€ ë”± 13ì •ë„ë©´ ì¶©ë¶„í–ˆëŠ”ë°ë§ì´ì£ 
297,  ì œë¥´ë¼ì´,ì—­ì‹œ ì• í”Œê°¬ì„±ì€ìœ„ëŒ€í•œê±°ê°™ìŠµë‹ˆë‹¤
298,  inder F,í•µì‹¬ë§Œ ìž˜ë§í•´ì£¼ì…”ì„œ ì¢‹ë„¤ìš” ã…Žã…Ž
299,  ë§¤í˜¹ì€ê¿€ë§›,ì•”ê»ë„ëª¨ë¥´ê³  12ì“°ë‹¤ê°€ í™”ë©´ë„ˆë¬´ìž‘ì€ê²Œ ë¶ˆíŽ¸í•´ì„œ í”„ë¡œë§¥ìŠ¤ì™”ëŠ”ë° ì²¨ì— ë¶€ë“œëŸ¬ì›€ ì²´ê°ì´ ì»¸ë˜ê²Œ 120Hzì—¬ì„œ ê·¸ëž¬êµ¬ë‚˜.. í™”ë©´í°ê±´ì¢‹ì€ë° ë„ˆë¬´ë¬´ê±°ì›€..
300,  ê¹€ë™ìš±,ë…¸íŠ¸20ìš¸íŠ¸ë¼ 120hz ì“°ë‹¤ê°€ ìž‘ì€ê±° ì“°ê³  ì‹¶ì–´ì„œ ì•„ì´í° 13ì¼ë°˜ ëª¨ë¸ë¡œ ì™”ëŠ”ë° ì—­ì²´ê° í™• ëŠê»´ì§
301,  ì¡°ìž¬í˜„,ì´ê²Œ 12 í”„ë¡œëž‘ 13í”„ë¡œ ì¤‘ì— ì¹´ë©”ë¼ ì˜ìƒ ì´¬ì˜ì—ì„œ ê·¸ë ‡ê²Œ ì°¨ì´ê°€ ìžˆëŠ”ì§€ í—·ê°ˆë¦¬ë„¤ìœ ... ë” íˆ¬ìží•´ì„œ 13í”„ë¡œê°€ ë‚˜ì„ë ¤ë‚˜ìš”?
302,  ëŸ­í‚¤,ë…¸ì¹˜ê°€ ê±°ìŠ¬ë¦¬ëŠ”ê±´ ëª»ì°¸ì•„ì„œ ë¬´ê²Œë¥¼ ê°ìˆ˜í•˜ë”ë¼ë„ í”„ë¡œë§¥ìŠ¤ êµ¬ìž…í•´ì•¼ê² ë„¤ìš” 14ì—ì„œ ë‚˜ì˜¤ëŠ” ë§¥ìŠ¤ë¼ì¸ì„ ê²Ÿí•´ì•¼ í• ê²ƒ ê°™ì€ ëŠë‚Œì ì¸ ëŠë‚Œ ã… ã…  ìŠ¤íŽ™ë§Œ ì½ì–´ì£¼ëŠ” ê·¸ëŸ° ëŠë‚Œì´ ì•„ë‹ˆë¼ ì˜ìƒ ìž˜ ë³´ê³  ê°‘ë‹ˆë‹¤ ITìœ íŠœë²„ í–‰ì„¸ í•˜ë©´ì„œ ê³µí™ˆì— ë‚˜ì™€ìžˆëŠ” ìŠ¤íŽ™ ì½ì–´ì£¼ê¸° ìœ íŠœë²„ë“¤ì€ ê²½ë©¸í•˜ê±°ë“ ìš”
303,  ì¤‘ê³ ë¡œìš´ í‰í™”ë‚˜ë¼,ì™€..ì•„ì´í°í•˜ê³  ê°¤ëŸ­ì‹œ í”„ë¡œì„¸ì„œ ì°¨ì´ê°€ ì—„ì²­ë‚˜ë„¤
304,  ê°•ë ¥ê³„ë°•í˜•ì‚¬,ì§€ê¸ˆ12í”„ë¡œë§¥ìŠ¤ì“°ê³ ìžˆë‹¤ê°€ ê°€ë”ì„œë¸Œí°ìœ¼ë¡œ7ìœ¼ë¡œ ì¨ë„ì•„ì§ê¹Œì§€ ë¶ˆíŽ¸í•œê²ƒí¬ê²Œëª»ëŠë¼ê² ìŒ 12í”„ë¡œë¥¼ì“°ë©´ì„œë„ì°¸í•¸ë“œí°í¬ë‹¤ë¼ëŠ”ëŠë‚Œ í™•ì‹¤ížˆì•„ì´í°ì€7ì‚¬ì´ì¦ˆê°€ ì •ë‹µì¸ê²ƒê°™ë‹¤
305,  ë¿¡ë¿¡ì´ì–¸ë‹ˆ,13ë¯¸ë‹ˆë¡œ ë°”ê¾¸ì‹  ë¶„ë“¤ ì¤‘ í™”ë©´ì´ ëˆ„ë ‡ê²Œ ë³´ì´ëŠ”  ë¶„ ê³„ì‹œë‚˜ìš”??xrì“°ë‹¤ê°€ ë°”ê¾¼ê±´ë° ë¹„êµí•´ë³´ë‹ˆ í™•ì‹¤ížˆ ë‹¤ë¥´ë”ë¼êµ¬ìš” ã… ã… 
306,  ìƒë¬¸ì´,12 ìœ ì €ì¸ë° 13ë„˜ì–´ê°ˆê¹Œ í•˜ë‹¤ê°€ ë” ì¡´ë²„í•´ì„œ ë‹¤ìŒê±° ê¸°ë‹¤ë ¤ë´…ë‹ˆë‹¤ ã…‹ã…‹ã…‹ã…‹
307,  ê´‘e,ì•„ë‹ˆí° 11í”„ë¡œ ì“°ë‹¤ê°€ 13í”„ë¡œ ë°”ê¾¸ì—ˆëŠ”ë° ì™„ì „ ì¢‹ì•„ìš” ì¸ìƒí° ì´ì˜ˆìš” ë‹¤ë“¤ ì¹´ë©”ë¼ì— ì‹ ê²½ ë§Žì´ ì“°ëŠ”ë° ì „ ê·¸ëƒ¥ ê¸°ë¡ ìš©ë„ë§Œ ì‚¬ìš©í•´ìš” ã…Žã…Ž
308,  ì‹œë…¸í…ìŠ¤ë§ˆìŠ¤í¬ ì°íŒ¬kiki sun,ìž‡ì„­ë‹˜ê°ì‚¬ížˆ ìž˜ ë³´ê³ ìžˆìŠµë‹ˆë‹¤ðŸ‘#ì‹œë…¸í…ìŠ¤
309,  ë‹¤ë‹¤ìµìž¼,ã…Žã…Ž 13 ìƒ€ëŠ”ë° ìž˜ ìƒ€ë‹¨ ìƒê°ì´ ë“œëŠ” ì˜ìƒì´ë„¤ì—¬ ì œ ê²ƒë„ ì–¼ë¥¸ ë„ì°©í–ˆìœ¼ë©´..
310,  ìº”ìœ ì‚™ë§ˆí•¡,ì§„ì§œ ì´ëŸ°ê²Œ ë¦¬ë·°ë¼ëŠ” ìƒê°ì´ ë“ ë‹¤ ë‹¤ë“¤ ì•±ë“±ì´ ëŠë‚Œì´ ë‚˜ëŠ”ë° ë‚¨ì˜ë¦¬ë·° ì§¬ë½•í•œê±° ê°™ì€ ëŠë‚Œë§Œ ë³´ë‹¤ ìž‡ì„­ë¦¬ë·° ë³´ë‹ˆê¹Œ. ì™€ ì§„ì§œ ì´ê±´ ê·¸ëƒ¥ ì• í”Œì´ë²¤íŠ¸ì— ì´ˆì²­í•´ë„ ë ì •ë„. ìž‡ì„­ ìµœê³ ë‹¤!! 12í”„ë¡œ ë¯¸ë‹ˆ ì§€í”Œë¦½3 í´ë“œ2 ë‹¤ê°€ì§€ê³  ìžˆì€ë°. 13+ ì§€í”Œë¦½3 í†°ë¸Œ ì´ë ‡ê²Œë§Œ ë‚¨ê¸°ê³  ì‹¹ ì •ë¦¬ í• ë ¤ëŠ”ë° 13í•‘í¬ì— ì§€í”Œë¦½ í†°ë¸Œë¼ìš´3ì— ì •ì°©í•˜ê¸°ë¡œ
311,  ë¦¬ë³¸ë¬´,ë‚˜ì—ê²ŒëŠ” í•­ìƒ ì• í”Œì œí’ˆì€ ë””ìžì¸ë•Œë¬¸ì— ì‚¬ê³  ì‹¶ì§€ë§Œ ë§‰ìƒ ì‚¬ë©´ ì‚¼ì„±ë³´ë‹¤ ë¶ˆíŽ¸í•˜ë˜ ê¸°ì–µì´...
312,  Tvê¸°ë…êµ ì±„ë„,ë„¤ ì¢‹ì€ ì •ë³´ ë¦¬ë·° ìž˜ë³´ê³  ê°‘ë‹ˆë‹¤.
313,  MAX_BUM,ì•¼ê°„ì—ì„œì˜ í’ˆì§ˆ ì°¨ì´ëŠ” ê²°êµ­ ë¼ì´ë‹¤ ì„¼ì„œ ìœ ë¬´.. ì¼ë°˜ë¼ì¸ë„ ë¼ì´ë‹¤ì„¼ì„œëŠ” íƒ‘ìž¬í•´ì£¼ì§€..
314,  í™”ë•ë°°,ë‹¤ë¥¸ ì±„ë„ë³´ë‹¤ ìž‡ì„­ë‹˜ êµ¬ë…ìžë¶„ë“¤ì´ ë” ìž˜ì•„ì‹¤ê±°ê°™ì•„ì„œ ë‚¨ê²¨ì—¬ã… ã…  ì§€ê¸ˆ 11í”„ë¡œ ì“°ê³  ìžˆëŠ”ë° 13ì¼ë°˜ ë¼ì¸ìœ¼ë¡œ ë„˜ì–´ê°€ë„ ì¢‹ì„ê¹Œìš”?  ë§Œì•½ ë„˜ì–´ê°„ë‹¤ë©´ 13ë¯¸ë‹ˆë¡œ ê°€ì•¼í• ê¹Œìš” 13ìœ¼ë¡œ ê°€ì•¼í• ê¹Œìš”? 11í”„ë¡œ í™”ë©´ì‚¬ì´ì¦ˆ ë§Œì¡±í•˜ê³  ìžˆëŠ” ì¤‘ì¸ë° ë¯¸ë‹ˆë¡œ ê°€ê¸°ì—” ìž‘ì„ ê±° ê°™ì•„ì„œ ë‹µë‹µí•  ê±° ê°™ê³  13ìœ¼ë¡œ ê°€ê¸°ì—” ì œê°€ ì†ì´ ìž‘ì•„ ë„ˆë¬´ í´ ê±° ê°™ì•„ì„œ ê±±ì •ì´ì—ìš”
315,  ê¹€ê°€ì„,ì•„ì´í°12í”„ë¡œ ì“°ê³  ìžˆê¸´í•œë° ì• í”Œì€ ë””ìžì¸ í˜ì‹ ì´ ì—†ë„¤ 14ë¶€í„° ì–´ë–»ê²Œ ì¢€ ë°”ê¿¨ìœ¼ë©´.. ë””ìžì¸ ë³€í™”ì—†ìœ¼ë©´ ê°¤ëŸ­ì‹œë¡œ ê°ˆë“¯..
316,  ë¦´ë¦¬,ìœ íŠœë¸Œë¥¼ ì—…ìœ¼ë¡œ í• êº¼ë©´ 13í”„ë¡œê°€ ë‚˜ì„ê¹Œìš”? ã…œã…  ì•„ë‹˜ 13ìœ¼ë¡œë„ ì¶©ë¶„í• ê¹Œìš”... ë””ìžì¸ì´ 13ì´ ë„ˆë¬´ ë§˜ì— ë“œëŠ”ë° ì„±ëŠ¥ë„ í¬ê¸° ëª» í•˜ê² êµ¬ìš” ã… 
317,  Freezejeli Yeah,ì•„ ì´ëŸ¬ë©´ í”„ë¡œ ì‚¬ì•¼ë˜ëŠ”ë° ã…  ê·¼ë° í”„ë¡œ ë§¥ìŠ¤â€¦.. ê¹Œì§€ëŠ” í•„ìš” ì—†ìœ¼ë ¤ë‚˜ ë¯¸ì¹œ ê³ ë¯¼ì´ ë“œë„¤ì—¬ ã… 
318,  Meow,ë¬´ê²ŒëŠ” ë¶€ë‹´ìŠ¤ëŸ½ê³  ì¹´ë©”ë¼ ì“¸ ì¼ ì „í˜€ ì—†ì§€ë§Œ 120hzëŠ” í¬ê¸° ëª»í•´...
319,  ë§¹ì§€,ì„±ëŠ¥ì€ 13ì •ë„ë©´ ì¶©ë¶„í•œë° ì†ì´ ì›Œë‚™ ì»¤ì„œ 13ì´ëž‘ í”„ë¡œëŠ” ìž‘ì•„ì„œ í”„ë¡œë§¥ìŠ¤ êµ¬ìž…í–ˆìŠµë‹ˆë‹¤ ã… 
320,  mg g,ì—†ì–´ì„œ ëª»ì“°ëŠ”ê²ƒë³´ë‹¤ ì“¸ìˆ˜ìžˆëŠ”ë° ì•ˆì“°ëŠ”ê²Œ í›¨ì”¬ ë” ë‚«ë‹¤ê³  ìƒê°í•©ë‹ˆë‹¤. ì¼ë‹¨ ë” ì¢‹ì€ê±° ã„± ë§¥ìŠ¤ëŠ” ì˜¤ë°”
321,  ìƒí›ˆ í•œ,ìž‡ì„­ë‹˜ ì§ˆë¬¸ ìžˆìŠµë‹ˆë‹¤!!(ê°œì¸ì  ë©”ì¼ì„ ë³´ë‚´ëŠ” ë²•ì„ ëª¨ë¥´ê² ë„¤ìš”ã… )ì•„ì´íŒ¨ë“œë‚˜ ê°¤ëŸ­ì‹œíƒ­ì„ ë…¸íŠ¸ë¶ì˜ ì„¸ì»¨ë“œ ëª¨ë‹ˆí„°ë¡œ í™œìš©í•˜ëŠ” ì¼€ì´ìŠ¤ë¥¼ ë´¤ìŠµë‹ˆë‹¤. ê·¸ëŸ°ë° ì•„ì´í°ì„ ë…¸íŠ¸ë¶ì˜ ì„¸ì»¨ë“œ ëª¨ë‹ˆí„°ë¡œ í™œìš©í•  ìˆ˜ëŠ” ì—†ë‚˜ìš”??
322,  ê¹€íƒ±êµ¬ë¦¬,ë°°í„°ë¦¬ í…ŒìŠ¤íŠ¸í•˜ëŠ” ì˜ìƒì´ ìœ íŠ¸ë¸Œì— ë§Žì€ë° ë‹¤ ì œê°ê¸° ë‹¤ë¦…ë‹ˆë‹¤ í…ŒìŠ¤íŠ¸ í™˜ê²½ì— ë”°ë¼ ë‹¬ë¼ì§€ëŠ”ê²ƒ ê°™ê³ ìš” 13ë¯¸ë‹ˆëŠ” ì ˆëŒ€ ì‚¬ì§€ë§ë¼ê³  í•˜ì‹œëŠ”ë° ì–´ë–¤ ë¦¬ë·°ì—ì„  13ë¯¸ë‹ˆëž‘ 12í”„ë¡œëž‘ ë¹„ìŠ·í•˜ê²Œ ë‚˜ì˜¤ëŠ” ë¦¬ë·°ë„ ëª‡ê°œ ë´¤ê³ ....
323,  ì‘¤ìš°ì§€,ê³ ë¯¼ëì— 13í”„ë¡œë¡œ ê²°ì •í–ˆëŠ”ë°â€¦ ì˜ìƒë³´ë‹ˆ ë‹¤ì‹œ 13 / 13í”„ë¡œ ê³ ë¯¼ì´ ì‹œìž‘ë˜ì—ˆìŠµë‹ˆë‹¤ðŸ¥²ðŸ¥²ðŸ¥²
324,  ë©”ë¡±â™¡,ì‹œì—ë¼ ë¸”ë£¨ìƒ‰ì´ 13ìœ¼ë¡œ ë‚˜ì™”ìœ¼ë©´ ë°”ë¡œ ì§ˆë €ë‹¤...ã… ã… ã…  ì¹´ë©”ë¼ ì„¸ê°œëŠ” ê°ë‹¹ ëª» í•˜ê² ì–´...
325,  ë‹ˆì•¡ë¯¸,ì•„ë‹ˆ ìž‡ì„­ë‹˜ì´ ì™œ êµ¬ë…ìžê°€ ë§Žì€ì§€ ì•Œê² ë‹¤ ã…‹ã…‹ã…‹ã…‹ë‹¤ë¥¸ì‚¬ëžŒë“¤ë³´ë‹¤ ìž‡ì„­ë‹˜ ì˜ìƒì´ ë” ìž¬ë°Œê³  ì¢‹ë„¤.
326,  í˜¸ì˜¹ì´,ë’·ë©´ 13í”„ë¡œë³´ë‹¤ ê·¸ëƒ¥ 13ì´ í›¨ ì´ì˜ë„¤ ã„·ã„·
327,  z NINJA z,ë‚´ê°€ í”„ë¡œê°€ ì•„ë‹Œ ì¼ë°˜ì„ ì„ íƒí•œ ì´ìœ  ê·¸ê±´ ëˆì´ë‹¤ ... í”„ë¡œë¥¼ ì‚¬ê¸°ì—” ì•…ì„¸ê¹Œì§€ ìƒê°í•˜ë‹ˆ ìƒí™œì´ íž˜ë“¤ë”ë¼êµ¬ìš” 120í—¤ë¥´ì¸  ë‚˜ë„ ì¨ë³´ê³ ì‹¶ë‹¤ ã… ã… 
328,  Jeongryong Kim,í° ê²Œìž„ì„ ì£¼ë¡œ í•˜ëŠ” íŽ¸ì¸ë° ê³ ì‚¬ì–‘ ê²Œìž„ì„ ëŒë¦°ë‹¤ë©´ 13 proë¡œ êµ¬ìž…í•˜ëŠ” íŽ¸ì´ ì¢‹ì„ê¹Œìš”?
329,  ì‹ ì†Œìœ¤,5ë…„ì§¸ 8+ì“°ëŠ”ë° 13ì„ ì‚´ ìƒê°ì¸ë° ê´œì°®ì€ ì„ ì±…ì´ê² ì£ ?
330,  ë¶€ë²…,13í”„ë¡œ ì‚¬ì „ì˜ˆì•½ìœ¼ë¡œ ë°›ì•„ì„œ ì“°ê³  ìžˆëŠ”ë° ë‹¤ ì¢‹ì§€ë§Œ ë„ˆë¬´ ë¬´ê±°ì›Œìš”ã… ã…  ì§„ì§œ ë‘”ê¸°ë¼ê³  ë´ë„ ë¬´ë°©í•  ì •ë„..
331,  ê¹€ì§€ì¸,ê·¼ë° ìž‡ì„­ë‹˜ ì˜ìƒì€ ì™œì´ë ‡ê²Œ ì„ ëª…í•œê°€ìš”?? ì§œê¸€ì§œê¸€ë…¸ì´ì¦ˆê°™ì€ê²ƒë‘ í•˜ë‚˜ë„ì—†ê³ .. í™”ì§ˆì´ ë„ˆë¬´ì¢‹ìŒ.. ì¹´ë©”ë¼ë¥¼ ì¡°í”ê±¸ ì“°ì‹œëŠ”ê±´ê°€ìš”??
332,  ì´íšŒìž¥,11í¼í”Œ ì“°ê³  ìžˆëŠ”ë° ë¦¬ë·°ë³´ë©´ ë³¼ìˆ˜ë¡ ì‚¬ê³ ì‹¶ì–´ìš” ã…‹ã…‹ã…‹ã…‹ã…‹
333,  ì ë©¸ì²«,ìž‡ì„­ì´í˜• ë¶€íƒì´ í•˜ë‚˜ ìžˆëŠ”ë° ì•„ì§ ì•„ì´í° 13pro ë°©ìˆ˜ì„±ëŠ¥ í…ŒìŠ¤íŠ¸í•œ ìœ íŠœë²„ë‚˜ ì‚¬ëžŒì´ ì—†ëŠ”ê±° ê°™ì€ë° ì•„ì´í° 13proëž‘ ì•„ì´í° 12proëž‘ ë°©ìˆ˜ì„±ëŠ¥ í…ŒìŠ¤íŠ¸ì¢€ í•´ì£¼ë©´ ì•ˆë ê¹Œ ì•„ì´í° 13proê°€ 11ì›” 5ì¼ë‚  ì˜¤ëŠ”ë° ë„ˆë¬´ ë¶ˆì•ˆí•´ ã… ã… ã… ã… 
334,  JAGA IMO,ìž‡ì„­ í•­ìƒ ì¢‹ì€ì˜ìƒ ê³ ë§ˆì›Œìš”ã…‹ã…‹
335,  ë§‰ì‚¬ê´€ë¦¬ì‚¬ì›,ì˜ˆì „ì— ê°¤ëŸ­ì‹œ A50ì“°ë‹¤ê°€ ì•„ì´í° 13í”„ë¡œë¡œ ë°”ê¿¨ëŠ”ë° ë‹¤ì‹œ A50ì“°ë©´ í•˜ë„ ë ‰ì´ ë§Žì´ ê±¸ë ¤ì„œ í™”ë©´ ëˆê¸°ëŠ”ì§€ë„ ìž˜ ëª¨ë¥´ê² ë”ë¼ê³ ìš”
336,  ë£¨ë””,ê·¸ëž˜ì„œ ê³ ë¯¼í•˜ë‹¤ê°€ 13ë¯¸ë‹ˆ êµ¬ë§¤í–ˆìŠµë‹ˆë‹¤..í”„ë¡œê°€ 120hz ë˜ëŠ”ê±´ ë„ˆë¬´ ì¢‹ì§€ë§Œ ë„ˆë¬´ ë¬´ê±°ì›Œì„œ..
337,  ë³‘ì‹  - some weird guy with a soft mustache,7:30 ì—¬ê¸°ì„œ ìž¬ë°ŒëŠ” ì ì€ 2017ë…„ ì¶œì‹œëœ ì•„ì´í° 8ì˜ ì‹±ê¸€ì½”ì–´ ì ìˆ˜ê°€ 920ì ëŒ€ë¼ëŠ” ê²ƒ
338,  ìœ ë…¸ì´ì•„,"X ì“°ëŠ” ì¤‘ì¸ë°, 13/13proë¡œ ë„˜ì–´ê°€ë©´ ì²´ê° í¬ê² ì£ ?"
339,  ë°•ì¤€ì„±,1:25ì§„ì§œ ì˜ˆì „ ì—˜ì§€ì²˜ëŸ¼ ë’¤ì— ì¹´ë©”ë¼ë¥¼ ë²¼íŠ¼ìœ¼ë¡œ ë§Œë“¤ì—ˆìœ¼ë©´ ã„·ã„·
340,  ëª¨ëž€,"ì‹œì—ë¼ ë¸”ë£¨ ì§„ì§œ ì´ì˜ë„¤ìš”,,,,,,"
341,  gray crisp,13:31 ê·¸ëƒ¥ ê°œì¸ì ì¸ ìƒê°ìœ¼ë¡œëŠ”... êµ³ì´ usbë¥¼ ì•ˆë°”ê¾¸ëŠ” ì´ìœ ëŠ”...ì—ì–´ë“œëžì´ ì•„ë‹ì§€ ì‹¶ì–´ìš”.. ì‚¬ì‹¤ìƒ usbë¥¼ ì—°ê²°í•´ì„œ í°ìœ¼ë¡œ ì „ì†¡í•˜ëŠ” ê²½ìš°ë³´ë‹¤ëŠ” ì•„ì´í´ë¼ìš°ë“œ ìžë™ ë™ê¸°í™”ë‚˜ ì—ì–´ë“œëžìœ¼ë¡œí•˜ë©´ ë” ë¹¨ë¼ì„œ ê·¸ëŸ°ê²ƒì•„ë‹ì§€...
342,  ìˆ˜ì‹œëŒ€í•™ O.N,ì´ê³¼ìƒì´ë¡œì¨ 3ê°œì˜ ì¹´ë©”ë¼ê°€ ìžˆëŠ” ê²Œ ë­”ê°€ ì™„ë²½í•˜ë‹¤ í•´ì•¼ í• ê¹Œ ë°”ë¡œ 13pro êµ¬ë§¤..
343,  seungeun lee,ìž‡ì„­ë‹˜ ... ì´¬ì˜ ìž¥ë¹„ ë­ ì“°ì„¸ìš” ???! ì¹´ë©”ë¼ ë Œì¦ˆ ê·¸ë¦¬ê³  ê¸°íƒ€ ë“±ë“± ì´¬ì˜ ì„¸íŒ… ê¶ê¸ˆí•´ìš” ðŸ¥º ì˜ìƒë¯¸ ìžˆì–´ìš” ðŸ‘ðŸ»ðŸ‘ðŸ»ðŸ‘ðŸ»
344,  HERMES,ì¹´ë©”ë¼ê¸°ëŠ¥ ì¤‘ì ì´ ë§Žì€ë° ê³ ìŠ¤íŠ¸í˜„ìƒì€ ì–´ë–¤ê°€ìš”?
345,  í•´í”¼ë°”ì´ëŸ¬ìŠ¤,6+ì—ì„œ ë„˜ì–´ê°€ëŠ”ë° 13ì¼ë°˜ê³¼ í”„ë¡œì—ì„œ ì•„ì§ë„ ì˜¤ë½ê°€ë½í•˜ëŠ”ì¤‘ìž…ë‹ˆë‹¤.ë””ìžì¸ì€ ì¼ë°˜ì´ ì¢‹ì€ë° í”„ë¡œì„±ëŠ¥ì´ ê¸°ëŒ€ë˜ê³ ..ê·¼ë° 6+ì—ì„œ ë„˜ì–´ê°€ëŠ”ë° 13ì¼ë°˜ìœ¼ë¡œ ë„˜ì–´ê°€ë„ ì¢‹ê¸´í• ê±°ê°™ì•„ì„œ..ìš°ì§œë¯„ ì¢‹ë…¸.
346,  ì„œì¤€í˜•,12ë¯¸ë‹ˆì™€ 13ì¼ë°˜ ë¹„êµì˜ìƒ ê°€ëŠ¥í• ê¹Œìš”!?
347,  Jiaeyes,ì˜†ë™ë„¤ ì—†ì„­ë‹˜ê³¼ ë‹¤ë¥´ê²Œ ìž‡ì„­ë‹˜ì€ ë˜ê²Œ ì „ë¬¸ì ì´ê³  í™”ì§ˆë„ ì¢‹ìœ¼ì‹ ê±° ê°™ìŠµë‹ˆë‹¤! ì‘ì›í•˜ê² ìŠµë‹ˆë‹¤!
348,  susie,íì•„ ì œì¼ ê¸°ë‹¤ë ¸ë˜ ì˜ìƒ ã… ã… ã… ã… ! ì˜¤ëŠ˜ë„ ê°ì‚¬ížˆ ìž˜ ë³¼ê²Œìš”!
349,  ìœ¨ì´ì—„ë§ˆ,ì‹œë¸”ë•Œë¬¸ì— ì²˜ìŒìœ¼ë¡œâ€¦ ìž‡ì„­ë‹˜ ë¦¬ë·° ë³´ê¸° ì „ì— êµ¬ë§¤í•´ì„œ 13í”„ë¡œë¡œ ì˜ìƒë³´ê³ ìžˆìŠµë‹ˆë‹¤ ã…‹ã…‹
350,  SEUNGHAE LEE,ê³ ìŠ¤íŠ¸ í˜„ìƒì€ ì–´ë–¤ê°€ìš”? ë” ì‹¬í•´ì¡Œë‹¤ëŠ” ë§ë„ ìžˆì–´ì„œ ê³ ë¯¼ë˜ë„¤ìš” ã… ã… 
351,  ë””ìžì´ë„ˆ,13 í”„ë¡œ ë§¥ìŠ¤ 512 êµ¬í•˜ê³  ì‹¶ì—ˆëŠ”ë° ê³µì‹ ëŒ€ë¦¬ì ì— ê°€ë„ ê·¸ê±´ ë¬¼ê±´ ëª»êµ¬í•œë‹¤ê³ ...ë„ˆë¬´ íƒë‚œë‹¤...
352,  ë¡ ,ì €ì˜ í–‰ë³µì˜ ë¹„ê²°ì€ ì•„ì´í°ê³¼ ê°¤ëŸ­ì‹œ ë‘˜ë‹¤ ì‚¬ëŠ”ê²ƒìž…ë‹ˆë‹¤ã…‹ã…‹ ë…¼ìŸí•´ë´¤ìž ë‘ íšŒì‚¬ëŠ” ì˜ì›ížˆ í•©ì³ì§ˆ ìˆ˜ ì—†ê³ í•œêµ­ì—ì„œ ì• í”ŒíŽ˜ì´ í†µí™”ë…¹ìŒê¸°ëŠ¥ ì•ˆë„£ì–´ì¤„ê±° ì•„ë‹ˆê¹Œ ì—…ë¬´ìš© ì˜ìƒì¹´ë©”ë¼ìš© ë‘ê°œ ë‹¤ì“°ë©´ ë‘ë°°ë¡œ í–‰ë³µí•©ë‹ˆë‹¤ ìžìœ ë„ëŠ” ì• í”Œì´ ê°¤ëŸ­ì‹œë¥¼ ëª»ë”°ë¼ì˜¤ê³  ìµœì í™”ì™€ ì˜ìƒê³¼ apëŠ” ê°¤ëŸ­ì‹œê°€ ì• í”Œì„ ëª»ë”°ë¼ì˜¤ë‹ˆ ë‘ê°œ ë‹¤ì“°ë©´ í–‰ë³µâ¤
353,  ë¡œë¼SEOKjin,ì¢‹ì€ ì •ë³´ ê°ì‚¬í•©ë‹ˆë‹¤
354,  íƒ±ì˜,11 pro ì‚¬ìš©ì¤‘ì¸ë° 11ì´í•˜ ì‹œë¦¬ì¦ˆ ì‚¬ìš©ìžëŠ” ê°ˆì•„íƒˆë§Œí•˜ë‹¤ê³  í•˜ì‹  ì´ìœ ê°€ ë¬´ì—‡ì¸ê°€ìš”??
355,  ì©ì©ì©,13ì´ëž‘ 13ë¯¸ë‹ˆì—ë„ ì‹œì—ë¼ë¸”ë£¨ ìƒ‰ìƒìžˆì—ˆìŒ ë°”ë¡œ ê°ˆì•„íƒ”ì„í…ë° ã… ã… 
356,  ì„¸ì´ë¸Œì˜¨,14 ì—ì„œëŠ” cíƒ€ìž…ìœ¼ë¡œ ë‚˜ì˜¤ë©´ ì¢‹ê² ë„¤ì—¬
357,  ìž¬ì„,í‰ìƒ ê°¤ëŸ­ì‹œ ì¼ëŠ”ë° í”„ë¡œì„¸ì„œ ë•Œë¬¸ì— ì§„ì§€í•˜ê²Œ ê°ˆì•„íƒ€ëŠ”ê±° ê³ ë¯¼í•´ë´ì•¼ê² ë‹¤..
358,  Andrew Nord,ìž‡ì„­ë‹˜ í˜¹ì‹œ SE2ì—ì„œ ì–´ë–¤ê±¸ë¡œ ê°ˆì•„íƒ€ëŠ”ê²Œ ì¢‹ì„ê¹Œìš”? 13 ? 13PRO?
359,  gu mong,ì´ë²ˆì— ê°¤ëŸ­ì‹œ ì“°ë‹¤ê°€ ì•„ì´í°13proë¡œ ê°ˆì•„íƒ”ëŠ”ë° ì§„ì§œ... ë¼ì´íŠ¸ë‹ì€ ë¯¸ì¹˜ê² ìŒ. ëˆì— í™˜ìž¥í•œ ë¯¸ì¹œ ì• í”Œì´ ë§ˆì§€ë§‰ì˜ ë§ˆì§€ë§‰ì˜ ë§ˆì§€ë§‰ê¹Œì§€ ë‹¨ë¬¼ ë¹¨ë ¤ëŠ” ì†ë‚´ê°€ ê³ ì•½í•´ì„œ.ë¼ì´íŠ¸ë‹ê³¼ ë…¸ì¹˜ ì´ìŠˆë¥¼ ì•„ì´í…œ ì¨ë¨¹ë“¯ í•˜ë‚˜ì”© ë¹¼ë©´ì„œ íŒë§¤ëŸ‰ ëŠ˜ë¦´ ì „ëžµìœ¼ë¡œ ì“°ëŠ”ê±´ê°€ ì‹¶ìŒ.
360,  ì´ì°½í˜„,120ì€ ì“°ê³  ì‹¶ì€ë° ê·¸ê²ƒ ë§ê³ ëŠ” êµ³ì´ í”„ë¡œê°€ í•„ìš” ì—†ì„ ê²ƒ ê°™ì€ë° ì¶”ì²œ ë¶€íƒë“œë¦½ë‹ˆë‹¤ðŸ˜€ðŸ˜€
361,  ë©ë­‰ì´,ì• í”Œ ê¸°ê¸° ì„¤ëª…í•˜ì‹¤ë• í•­ìƒ ì• í”Œì›Œì¹˜ ì°¨ì…¨ë˜ê±°ê°™ì€ë°..ì›Œì¹˜4ê°€ ì§„ì§œ ì¢‹ìœ¼ì‹ ê°€ë¶€ë‹¤ ã…‹ã…‹ã…‹ã…‹ã…‹ã…‹ã…‹
362,  ë„¤ëª¨ë°”ì§€ìŠ¤íŽ€ì§€ë°¥,11 pro max ì‚¬ìš©í•˜ê³  ìžˆëŠ”ë° 13ìœ¼ë¡œ ë°”ê¿€ë§Œí•œ ê°€ì¹˜ê°€ ìžˆì„ê¹Œìš”? ëˆì„ ë“¤ì—¬ì„œë¼ë„ proë¼ì¸ìœ¼ë¡œ ê°€ì•¼ í• ê¹Œìš”
363,  Ms Bang,ê°€ê²©ì ì¸ ìŠ¤íŽ™ë‚˜ëˆ„ê¸° ê°™ì€ ë¶€ë¶„ì€ ë­ ì´í•´í•˜ëŠ”ë° ì—¬ì§€ê» ì•„ì´í° ì‚¬ìš©í•˜ë©´ì„œ í”„ë¡œêµ°ì˜ usb2.0ì€ ì •ë§ ì„ ì„ ë„˜ëŠ” ê²ƒ ì•„ë‹Œê°€ ì‹¶ì€ë°ìš”.ëˆ ë§Žì´ ë²„ëŠ” ì „ë¬¸ê°€ ëª¨ì‹ ë‹¤ê³  ë§ë¦¬ë¶€í•´ì•ˆì— í˜¸í™” ì €íƒì— ì´ˆëŒ€í•˜ê¸¸ëž˜ ì „ìš©ê¸° ì–´ë””ì„œ íƒ€ëŠ”ê±°ì˜ˆìš” í•˜ë‹ˆê¹Œ 534ë²ˆ ë²„ìŠ¤ íƒ€ê³  ì˜¤ë¼? ê·¸ëŸ¬ë©´ ìš©ëŸ‰ í° í¬ë§·ë“¤ì€ ë­í•˜ëŸ¬ ì œê³µí•˜ê³  ì™œ í”„ë¡œë¡œ ì´ë¦„ì„ ë¶™ì´ê³  ë­í•˜ëŸ¬ ê¸‰ì€ ë˜ ë‚˜ëˆ„ì—ˆì„ê¹Œìš”--;
364,  í•¨íƒœí—Œ,ì•„ì´í° 13 ìƒìœ„í˜¸í™˜ì´ í”„ë¡œì¸ê±¸ë¡œì•Œê³ ìž‡ëŠ”ë° ìžì‹  ì˜ˆì‚° ìƒê°í•´ì„œ ì‚°ë‹¤ë©´ ê·¸ëƒ¥ ì•„ì´í° 13 ì‚´ê±° ê°™ì•„ìš”
365,  ê¶Œì˜í˜„,6ë…„ë™ì•ˆ ê°¤s7ì“°ë‹¤ê°€ ì´ë²ˆì— ê¸°ë³€í• ë ¤ê³  ìž‡ì„­ë‹˜ ì˜ìƒ ì´ê²ƒì €ê²ƒ ì°¾ì•„ë³´ê³  ìžˆëŠ”ë° zí”Œë¦½3 vs 21+ vs 13or 13pro ì¤‘ì—ì„œ ê³ ë¯¼ì¤‘ì¸ë° ê²°ì •ì„ ëª»í•˜ê² ì–´ìš”...
366,  ë†€ëª½,ì• í”Œ asì— í•™ì„ ë ê³  12ë…„ê°„ì˜ ì•±ë“±ì´ ìƒí™œì„ ì²­ì‚°í•´ì•¼ì§€ êµ³ê²Œ ë‹¤ì§í–ˆëŠ”ë° ê²°êµ­ 13 ë¦¬ë·°ì˜ìƒë“¤ì„ ì°¾ì•„ë³´ê³ ìžˆëŠ” ë‚˜ìžì‹ ã…œã…œ
367,  ë‚´ê°€ ë¬´ìŠ¨ ë¶€ê¸°ì˜¨ì—”ì˜¨ì„ ëˆ„ë¦¬ê² ë‹¤ê³ ,ì •ë§ ì˜ìƒí™”ì§ˆ ë³¼ ë•Œë§ˆë‹¤ ê°íƒ„í•´ìš” ã…Žã„·ã„·
368,  ê°€ì§€ì¢Œ,Gos ì‚¬íƒœë¡œ ì• í”Œ ìž…ë¬¸ í• ë ¤ê³  ì¤€ë¹„ì¤‘ì¸ë° ì˜ìƒì´ í°ë„ì›€ì´ ë˜ì—ˆìŠµë‹ˆë‹¤. ê°ì‚¬í•©ë‹ˆë‹¤.
369,  ssaktoong,"ì•„ì´í° 11í”„ë¡œ ì“°ê³ ìžˆëŠ”ë°, ì´ë²ˆì— ë°”ê¿€ê¹Œ ê³ ë¯¼í•˜ë˜ì¤‘ ê³ ìž¥ë‚˜ì„œ ë¦¬í¼ë°›ì•˜ê³  ë•ë¶„ì— ì§€ë¦„ì‹ ì€ ë¬¼ëŸ¬ê°€ì‹¬"
370,  êµ¬í‰ìž,í”„ë¡œ ë…¸ì¹˜ ê°„ì„­ ë‚˜ì¤‘ì— íŒ¨ì¹˜ ë ê¹Œìš”? í”„ë§¥ì€ í¬ê¸°ëž‘ ë¬´ê²Œê°€ ë¶€ë‹´ ìŠ¤ëŸ¬ìš´ë° ë…¸ì¹˜ ìžˆëŠ” í°ì€ ì•ˆì¨ë´ì„œ ê³ ë¯¼ë¼ìš”
371,  ë°•ì¢…í˜„,ìž‡ì„­ë‹˜ ì•„ì´í° Cíƒ€ìž… ê°œì¡° ì„±ê³µ ì˜ìƒ ìœ íŠœë¸Œì— ìžˆë˜ë° ë‹¤ë¤„ì£¼ì‹¤ ìˆ˜ ìžˆë‚˜ìš”?
372,  SangHun Lee,í˜•ë‹˜ 11í”„ë§¥ì¸ë°ë„ ê°ˆì•„íƒ€ëŠ”ê²Œ ìœ ì˜ë¯¸í•œ ì´ìœ ëŠ” ë­”ê°€ìš”? 11ì´í•˜ëŠ” ê°ˆì•„íƒˆë§Œí•˜ë‹¤ê³  í•˜ì‹  ì´ìœ ê°€ ì•Œê³  ì‹¶ì–´ìš”!
373,  íš¨ì§„,ì•ˆë…•í•˜ì„¸ìš” ìž‡ì„­ë‹˜! ìµœê·¼ ì˜ìƒì— ì˜¬ë ¤ ë‹µë³€ì„ ë¹¨ë¦¬ ë°›ê³  ì‹¶ì§€ë§Œ ê·¸ëž˜ë„ ê´€ë ¨ì—‰ìƒì— ì˜¬ë¦¬ëŠ”ê²Œ ë§žëŠ”ê²ƒ ê°™ì•„ ì—°ë½ ë“œë¦½ë‹ˆë‹¤!! 13í”„ë¡œë¥¼ êµ¬ë§¤í•˜ì˜€ëŠ”ë° ì‚¬ì§„ì„ ì°ì„ ë•Œ ì•ž ë¬¼ê±´ì— ì´ˆì ì´ ìž¡ížˆë©´ ë’¤ì—ê°€ ì™„ì „ ë¸”ëŸ¬ì²˜ë¦¬ê°€ ë˜ë²„ë ¤ìš”.. ê·¸ ì „ì— ì“°ë˜ ì•„ì´í° 7ì€ ë‘ ì‚¬ë¬¼ì²´ë¥¼ ë‹¤ ìž¡ì•„ì£¼ì—ˆëŠ”ë°ìš”.. í˜¹ì‹œ ì½ê²Œ ë˜ì‹ ë‹¤ë©´ ë‹µë³€ ë¶€íƒë“œë ¤ìš”ã… ã…  ì¹´ë©”ë¼ë¥¼ ì“°ëŠ”ë° ë¶ˆíŽ¸í•¨ì„ ëŠë¼ê³  ìžˆì–´ìš”..
374,  MING,C-typeì•„ë‹Œ ê±´ ì§„ì§œ ìƒê° í• ë•Œë§ˆë‹¤ ì—´ ë°›ëŠ” ê²ƒ ê°™ì•„ìš”..
375,  ë°•ìˆ˜í˜,proresì§€ì›í•¨ì—ë„ 2.0 ì§€ì›ì€ 5g ì¨ë¼ ì´ë§ê°™ìŒ ã…  í•œêµ­ìœ ì €ë“¤ì€ ê·¸ì € ìŠ¬í””
376,  benn zerico,ì‚¬ì‹¤ 14 ì¡´ë²„í•˜ê³  ìžˆëŠ”ë° ê·¸ëž˜ë„ ìž¬ë¯¸ì‚¼ì•„ ìž˜ ë³´ê³  ê°‘ë‹ˆë‹¤
377,  í˜„ìž¬í˜¸,ì¼ë°˜ì€ ì‹¬í”Œí•˜ë©´ì„œ ì´ìœë° í”„ë¡œëŠ” ì¢€ ì§•ê·¸ëŸ¬ì›€..
378,  ê°€ì„ì‚¼ì„±7,ì‚¬ì§„ ê²ë‚˜ ìž˜ë‚˜ì˜¨ë‹¤... ìƒ‰ê° ì„ ëª…í•œê±°ë´...
379,  go,"í”„ë¡œê¸‰ ì¹´ë©”ë¼ í•„ìš”ì—†ê³ , ê³µê²©ì ì¸ ì¹´íˆ¬íˆ¬íˆ­íŠ€ ê°ë‹¹ì•ˆë˜ì„œ ë¬´ë‚œí•˜ê²Œ 13 êµ¬ìž…í–ˆë„¤ìš”."
380,  ê¹€ë¯¼ì£¼,13ë¯¸ë‹ˆëž‘ 12í”„ë¡œì¤‘ì— ë­ê°€ ë” ì¢‹ì„ê¹Œìš” ã… ã…  ê³ ë¯¼ì¤‘ìž…ë‹ˆë‹¤
381,  ì‚¬ë§Œì½”,13ë„ ì˜ìƒ ì´¬ì˜ì— ì¶©ë¶„ížˆ ì¢‹ì€ê±°ì£ ??
382,  ì˜¤ëŠ˜ë„ í•œìž”,"13proì™€ 13pro max, â€˜ì¹´ë©”ë¼ì— ì „í™” ê¸°ëŠ¥ì´ëž‘ ì¸í„°ë„· ê¸°ëŠ¥ ë„£ì–´ ë†¨ì–´. í•œë²ˆ ì¨ë´!â€™ ì´ëŸ° ëŠë‚Œ ì•„ë‹Œê°€ìš”?"
383,  ë¹„ëª¨,ê³ ë¯¼í•˜ê³  ìžˆì—ˆëŠ”ë° ì˜ìƒ ë³´ê³  ì˜¤ëŠ˜ ì•„ì´í°13pro êµ¬ë§¤ í–ˆìŠµë‹ˆë‹¤â€¦í—ˆí—£ ê·¼ë° ì¹´íˆ­íŠ€ê°€ ì •ë§ ìƒê°ë³´ë‹¤ ì—„ì²­ ë‚˜ë”ë¼êµ¬ìš”â€¦ê·¸ëž˜ì„œ ë§ì¸ë° í›„ë©´ ë³´í˜¸ í•„ë¦„ êµ¬ë§¤ë¥¼ í•´ì•¼ í•˜ëŠ”ë° ì–´ë–¤ê±¸ ì‚¬ì•¼ í• ê¹Œìš”â€¦
384,  ê³ ë¼íŒŒë•,ìž‡ì„­ë‹˜ ì˜¤ëŠ˜ì˜ ì¸íŠ¸ë¡œ í•´íƒˆì˜ ê²½ì§€ì— ì˜¤ë¥´ì…¨êµ°ìš”â€¦ ë°˜ë°•ì‹œ ë‹˜ ë§ì´ ë‹¤ ë§žìŠµë‹ˆë‹¤ðŸ˜‚
385,  ìž¬ë°Œê²Œ ë³´ëŠ”ìœ íŠœë¸Œ,12 proëž‘ 13 ë‘˜ ì¤‘ì— í•˜ë‚˜ ì„ íƒ í•œë‹¤ë©´ ì–´ë–¤ ê²Œ ë” ë‚˜ì„ê¹Œìš”?ã… ã… ã… 
386,  ìº”ìœ ì‚™ë§ˆí•¡,ì–´ë–»ê²Œ ë‘ê°œì¤‘ ê³ ë¥´ê³  ìžˆëŠ”ë° ë”± ë¹„êµí•˜ë‚˜ ì—­ì‹œ ìž‡ì„­ì´ ê°‘ì´ë‹¤ í…Œí¬ìœ íˆ¬ë²„ëŠ”
387,  í† ë¼,ê°¤ëŸ­ì‹œê°€ êµ­ì‚°ì´ë¼ ê·¸ëŸ¬ì¹˜ í•´ì™¸ì—ì„œì˜ ê²½ìŸë ¥ ì•„ì§ë©€ì—ˆë„¤..
388,  ì •ì¸„,ì—­ì‹œ ìž‡ì„œë¹„í˜•ì´ ì˜¬ë ¤ì¤€ê²Œ ë­”ê°€ ë³´ê¸° íŽ¸í•´...
389,  ì´ìž¬ë¯¼,ë¬´ê²Œë„ ì¹´ë©”ë¼ë„ 13ì´ í›¨ì”¬ ë§ˆìŒì— ë“œëŠ”ë°.. ì•„ ã…‹ã…‹ ì‹œì—ë¼ ë¸”ë£¨ëŠ” ëª» ì°¸ì§€ ã…‹ã…‹
390,  ë°•ê±´ìš°,í˜• ì˜¤ëŠ˜ ì˜ìƒë„ ìž˜ ë³¼ê²Œ! í•­ìƒ ì˜ìƒ ê³ ë§ˆì›Œ ã…Ž
391,  ì§„í˜¸,6:15 ì—¬ê¸°ë³´ë©´ ë² ì ¤ì˜ ì°¨ì´ê°€ ì¢€ ìžˆëŠ” ê²ƒì²˜ëŸ¼ ë³´ì´ëŠ”ë° ì‹¤ì œë¡œë„ 13ê³¼ 13í”„ë¡œì˜ ë² ì ¤ ë‘ê»˜ ì°¨ì´ê°€ ìžˆë‚˜ìš” ?
392,  ëš±ìŠ¤ìº£TV,12í”„ë¡œëž‘ 13 ì¤‘ì— ê³ ë¯¼ ì¤‘ì¸ë° 13 ê°€ëŠ” ê²Œ ë‚«ê² ì£ ?
393,  ì¤€í™ìµœ,ìš”ì¦˜ ì•„ì´í°13ì‚¬ìš©í•˜ëŠ” ìœ í”ŒëŸ¬ìŠ¤ì´ìš©ìž ì¤‘ì— ì „í™” ìˆ˜ì‹ ì´ ì•ˆë˜ëŠ” ë¬¸ì œê°€ ìžˆìŠµë‹ˆë‹¤. í•œë²ˆ ë‹¤ë¤„ë´ ì£¼ì‹œë©´ ì•ˆë ê¹Œìš”?
394,  ìžìœ ì˜ì˜í˜¼,ìµœì í™”ë¥¼ ì•„ë¬´ë¦¬ ìž˜í•œë‹¤ëŠ”ê²ƒì„ ì•Œì•„ë„ ì§€ê¸ˆì„¸ëŒ€ê¹Œì§€ ì™€ì„œ ë ˜ 4GBëŠ” ì¢€...
395,  DaSol Han,ì•„ì´í° 14 maxëŠ” 120hzê°€ í¬í•¨ë˜ê³  í”„ë¡œ ë§¥ìŠ¤ ì™€ ë‹¤ë¥´ê²Œ ì—„ì²­ ê°€ë³ê² ì§€ .. ?
396,  Haein Sun,8í”Œì—ì„œ 13í”„ë¡œ ê°‘ë‹ˆë‹¤ðŸ˜­ ã…‹ã…‹ã…‹ã…‹ã…‹í†µí™” ìž˜ë˜ëŠ” ì¹´ë©”ë¼ í•˜ë‚˜ ìƒ€ë‹¤ ìƒê°í•´ì•¼í• ê±° ê°™ì€
397,  ê¹€ì´ëž‘,ZOTEC MAGNUS ONE ë¦¬ë·° í•´ì£¼ì‹¤ìˆ˜ ìžˆë‚˜ìš”? ê°€ëŠ¥í•˜ë‹¤ë©´.. cpuì¿¨ëŸ¬ êµì²´ë„ ì¢€..ã…Žã…Ž ì¿¨ëŸ¬ ì†ŒìŒì´ ìžˆë‹¤ê³  í•´ì„œ..
398,  J,ì•„ì´íŒ¨ë“œ 6ì„¸ëŒ€ë¥¼ ì‚¬ìš©í•˜ê³  ìžˆëŠ”ë° 13 ë¯¸ë‹ˆë¡œ í•˜ê¸¸ ìž˜í–ˆë„¤ìš”!!
399,  Genau,ì•„ì´í° 13 í”„ë¡œ ì‹¤ë²„ pvd ì½”íŒ…ì´ ë“¤ì–´ê°”ëŠ”ì§€ ê¶ê¸ˆí•©ë‹ˆë‹¤!
400,  êº„êº„êµ¬êµ¬,"ìž‡ì„­ë‹˜ ì•„ì´í°ì— ê³ ì§ˆì ì¸ ë©€í‹°í„°ì¹˜ ì˜¤ë¥˜ê°€ ìžˆì–´ ë³´ì´ëŠ”ë° í˜¹ì‹œ ì‹¤í—˜ ê°€ëŠ¥í•˜ì‹¤ê¹Œìš”?? ì•„ì´í°13ì—ì„œë„ ì˜¤ë¥˜ê°€ ìžˆëŠ”ì§€ ê¶ê¸ˆí•©ë‹ˆë‹¤.ìžìŒ ã…ˆ,ã…‚,ã„·,ã„±,ã……ê³¼ ã…í˜¹ì€ ã…£ë¥¼ ë¹ ë¥´ê²Œ ìž…ë ¥í•˜ë©´ ë‹¤ë¥¸ ì¡°í•©ì— ë¹„í•´ ëª¨ìŒì´ ì”¹ížˆëŠ” í˜„ìƒì´ ìž¦ì€ë° ëª‡ ë…„ì§¸ ê°œì„ ì´ ì•ˆ ë˜ë„¤ìš”. í° ë¬¸ì œëŠ” ì•„ë‹Œ ê±° ê°™ì€ë° í°ì´ í•œëŒ€ë¼ ì‹¤í—˜ì´ ë¶ˆê°€ëŠ¥í•´ì„œ ê¸€ì„ ë‚¨ê²¨ ë´…ë‹ˆë‹¤..!"
401,  ì´ê²Œì¸ìƒì´ëƒ,ì‚¬ì§„ì´ ì·¨ë¯¸ë¼ë©´ 13í”„ë¡œê°€ ì¢‹ê² ì£ ..!
402,  ë¯¸ë‚˜ë¯¸ì•„ë¹ ,13í”„ë¡œ ì–´ì œë¶€í„° ì‚¬ìš©ì¤‘ì¸ë° ì¹´ë©”ë¼ ê°œì§€ë¦½ë‹ˆë‹¤..  ê·¼ë° ì•„ì§ê¹Œì§€ ë°°ë¯¼ ë¦¬ë·° ì´ë²¤íŠ¸ ì‚¬ì§„ë§Œ ì°ìŒ
403,  ë¬¼êµê½ƒì‚¬ìŠ´,ì—ì–´4ì™€ ë§¥ë¶í”„ë¡œ ì• í”Œì›Œì¹˜ ì“°ëŠ” ìž…ìž¥ì—ì„œ í”„ë¡œì— ì£¼ì‚¬ìœ¨ì´ ì—­ì²´ê° ë„˜ ì‹¬í• ê¹Œë°” ì¼ë°˜ ëª¨ë¸ë¡œ ì‚¬ê²Œ ë¬ë„¤ìš¤
404,  ìµœê¸ˆì¹ ,ì•„ì´íŒ¨ë“œ í”„ë¡œ ì—ì„œ 120ì£¼ì‚¬ìœ¨ì„ ê²½í—˜ì„ í•´ì„œ ì¼ë°˜13ì„ ì ˆëŒ€ ê°ˆ ìˆ˜ê°€ ì—†ë‹¤â€¦ ê·¸ë¦¬ê³  ë’·ë©´ ë¬´ê´‘ì€ í”„ë¡œì˜ íŠ¹í˜œì§€..
405,  íŒ¥ë“œëžìŠˆ,ì´ ì˜ìƒ ë³´ê³  ì•„ì´í° 7ì—ì„œ 13 proë¡œ ê°ˆì•„íƒ”ìŠµë‹ˆë‹¤. ê°ì‚¬í•©ë‹ˆë‹¤.
406,  ë¨¹ê¸° ì¢‹ì€ ë‚ ,"12ë¯¸ë‹ˆ 1ë…„ ë„˜ê²Œ ì‚¬ìš©í•˜ë‹ˆê¹Œ ë°°í„°ë¦¬ê°€ ë„ˆë¬´ ë¹¡ì³ì„œ 13 ì‹œë¦¬ì¦ˆë¡œ ë„˜ì–´ê°€ê³  ì‹¶ì€ë° í¬ê¸°ëŠ” ë¯¸ë‹ˆê°€ ë„ˆë¬´ ì¢‹ì€ë° ë°°í„°ë¦¬ ë•Œë¬¸ì— 13ë¯¸ë‹ˆë„ ì“°ê³  ì‹¶ì§€ ì•Šì•„ì„œ 13ì´ëž‘ 13 í”„ë¡œëž‘ ê³ ë¯¼ ì¤‘ì¸ë°... ì‹œì—ë¼ ë¸”ë£¨ê°€ ë„ˆ~~~~~ë¬´ ì˜ˆë»ì„œ 13í”„ë¡œë¡œ ê°€ê³  ì‹¶ì–´ìš”,,,, 13í”„ë¡œê¹Œì§„ ê²°ì½” í•„ìš”í•˜ì§€ ì•Šì„ ê²ƒ ê°™ì€ë° ì´ê²Œ ë§žëŠ” ê±´ê°€ ì‹¶ë„¤ì—¬,,,ðŸ™ƒ"
407,  Emily,4g ìœ ì‹¬ ê·¸ëŒ€ë¡œ ì“¸ìˆ˜ìžˆëŠ”ì§€ ê¶ê¸ˆí•´ìš”..!
408,  ì¡°í˜•ë¹ˆ,ìƒ‰ìƒì€ 13 ì„±ëŠ¥ì€ í”„ë¡œ ì§„ì§œ ê³ ë¯¼ì´ë„¤...
409,  ì•„ë¹„ì¹˜,"ì´ë²ˆì— ì‚¬ë©´ 4-5ë…„ ì“¸ê±° ê°™ì€ë°ì¼ë°˜ê°€ë„ ê´œì°®ì„ê¹Œìš”?ì¼ë°˜, í”„ë¡œ ì•„ì§ë„ ê³ ë¯¼ì´ë„¤ìš”"
410,  ìœ í˜„ìŠ¹,ë­˜ì‚¬ì•¼í• ì§€ëª°ë¼ì„œ13í”„ë¡œ ë§¥ìŠ¤ ì‹œì—ë¼ë¸”ë£¨ëž‘ ê·¸ëž˜íŒŒì´íŠ¸ 2ê°œ ìžê¸‰ì œ êµ¬ë§¤í–ˆì–´ìš”ðŸ‘ðŸ»
411,  ì¤€ì‚¬ìž¥,ì œë°œ ë‹¤ìŒ ë§¥ì€ í”„ë¡œëª¨ì…˜ì¢€ ë„£ì–´ì¤¬ìœ¼ë©´... ì•„ì´í° ì•„ì´íŒ¨ë“œ ë°íƒ‘ ì „ë¶€ë‹¤ ê³ ì£¼ì‚¬ìœ¨ì¸ë° ë§¥ë§Œ 60... ì—­ì²´ê° ì§€ë ¤
412,  S S,11ì—ì„œ 13 pro ë„˜ì–´ê°ˆ ê°€ì¹˜ê°€ ìžˆì„ê¹Œìš”?
413,  Lee Luke,ìž‡ì„­ë‹˜ ì•„ì´í° 13í”„ë¡œ ë°°ê²½í™”ë©´ ì–´ë””ì„œ êµ¬í• ìˆ˜ ìžˆì„ê¹Œìš”?? ê¶ê¸ˆí•©ë‹ˆë‹¤!
414,  ìž„ì •ì€,ì‹œì—ë¼ ë¸”ë£¨ê°€ ì—­ëŒ€ê¸‰ìœ¼ë¡œ ì´ì˜ê²Œ ë‚˜ì˜¨ê±° ê°™ë‚´ìš”ã…‹ã…‹
415,  Jun,ì•„ì´í° 3gsë¶€í„° ì¨ì™”ì§€ë§Œ ì´ë²ˆ 13ë³´ê³ ëŠ”ì™ ì§€ëª¨ë¥´ê²Œ ì´ì œëŠ” ê²”ëŸ­ì‹œ zí”Œë¦½ìœ¼ë¡œ ê°ˆì•„íƒ€ì•¼í•˜ë‚˜..ê³ ë¯¼ë˜ë„¤ìš”
416,  ìž¥ìž˜ëƒ¥,120hzëŠ” ì›¹íˆ°ë³¼ë•Œ ì²´ê°ì´ í™•ì˜¤ë”ëŸ¬ê³ ìš” ìŠ¤í¬ë¡¤ ë‚´ë¦´ë•Œ ë§¤ìš° ë¶€ë“œëŸ½ê²Œ ë‚´ë ¤ì§€ë”ë¼ê³ ìš”
417,  23:05,ê°œì¸ì ìœ¼ë¡œ ê·¸ëƒ¥ 13ì”€.13í”„ë¡œ ê·¸ë¦¬ê³  ì§€ê¸ˆê¹Œì§€ ì•„ì´í°í”„ë¡œë“¤ì„ ë³´ë©´ ê¸°ìŠ¤ì— ì·¨ì•½í•œ ì € ì˜†ë©´ ë²”í¼ê°€ ê·¹í˜ìž„.íŠ¹ížˆ í™”ì´íŠ¸ìƒ‰ìƒ ì˜†ë©´ ë²”í¼ê¸°ìŠ¤ëŠ” ì•„ì£¼ ìµœì•…ìž„.ê·¸ëž˜ì„œ í”„ë¡œêµ¬ë§¤ëŠ” í¬ê¸°í•˜ê³  ê·¸ëƒ¥ 13ì”€
418,  ëŠë‚Œí‘œ,ì „ 13 í”„ë¡œ 120hz ì—„ì²­ ì²´ê°ëì–´ìš” â€œã„¹ã…‡ ê°œì©ë‹¤â€ ì´ëŸ¬ë©´ì„œ
419,  ê¹€í˜„ì² ,ì•ˆë…•í•˜ì„¸ìš”. ê¶ê¸ˆí•œê²Œ ìžˆëŠ”ë°ìš”. ì•„ì´í° 13 í”„ë¡œë§¥ìŠ¤ ì‚¬ìš©ì¤‘ ìž…ë‹ˆë‹¤. ì¹´ë©”ë¼ë¥¼ ìµœì´ˆ ì‹¤í–‰í•˜ë©´ ì‚´ì§ íë ¤ì§€ê³  ë‚œ í›„ ì´ˆì ì„ í•œë²ˆ ìž¡ëŠ”ë°ìš”. ì´ê±° ì •ìƒì¸ê°€ìš”? ì‹¤í–‰ ëœ ìƒíƒœì—ì„œ ì¹´ë©”ë¼ ë·°ë¥¼ ë‹¤ì‹œ ìž¡ì•„ë„ ë¹„ìŠ·í•œ í˜„ìƒì´ ë‚˜ì˜¤ê±°ë“ ìš”.
